Clothing,Color,Fabric/Texture,wearCount,Style,Type,* 20 initial entries were inputted by team
Athletic tank,Black,Nylon,0,Athletic,Activewear,* Other 980 entries were generated utilizing Claude LLM: Asked for sorted clothing pieces w/ 10 types of Fabric/Texture and no limits on Color/Clothing 
Athletic shorts,Cream,Cotton,0,Athletic,Activewear,
Dress shirt,Blue/White,Polyester,0,Formal,Tops,
Jeans,Blue,Denim,0,Casual,Bottoms,
Dress pants,Green,Cotton,0,Formal,Bottoms,
Winter puffer,Green,Nylon,0,Outerwear,Jackets,
Tee,Black,Cotton,0,Casual,Tops,
Tee,Gray,Cotton,0,Casual,Tops,
Pajama shorts,Gray,Cotton,0,Loungewear,Bottoms,
Pajama shirt,Blue,Cotton,0,Loungewear,Tops,
Sparkly top,Black,Polyester,0,Casual,Tops,
Long sleeve,Burgundy,Cotton,0,Casual,Tops,
Sweatshirt,Black/White,Polyester,0,Outerwear,Jackets,
Short sleeve,Cream,Silk,0,Casual,Tops,
Long sleeve,Black,Silk,0,Casual,Tops,
Low rise jeans,Black,Denim,0,Casual,Bottoms,
Shorts,Black,Denim,0,Casual,Bottoms,
Ribbed sweater,Cobalt,Cotton,0,Casual,Tops,
Tennis skirt,Sage,Polyester,0,Athletic,Bottoms,
Track pants,Denim Blue,Spandex,0,Athletic,Bottoms,
Pajama shorts,Checkered Black/White,Spandex,0,Loungewear,Bottoms,
Varsity jacket,Black/White,Cotton,0,Outerwear,Jackets,
Oxford shirt,Navy,Silk,0,Formal,Tops,
Chinos,Camouflage Green,Cotton,0,Casual,Bottoms,
Anorak,Rust,Nylon,0,Athletic,Jackets,
Casual dress,Yellow,Leather,0,Casual,Dresses,
Military jacket,Sage,Cotton,0,Outerwear,Jackets,
Racerback tank,Burgundy,Spandex,0,Athletic,Activewear,
Thermal leggings,Sage,Cotton,0,Athletic,Activewear,
Joggers,Plum,Spandex,0,Athletic,Bottoms,
Henley,Hot Pink,Spandex,0,Casual,Tops,
High waist pants,Violet,Wool,0,Casual,Bottoms,
Formal blouse,Ivory,Leather,0,Formal,Tops,
Zip-up hoodie,Royal Blue,Nylon,0,Outerwear,Jackets,
Bodysuit,Color Block Navy/White,Fleece,0,Casual,Dresses,
Cable knit sweater,Pink,Polyester,0,Casual,Tops,
Fleece robe,Brown,Polyester,0,Loungewear,Jackets,
Colorblock sweater,Mustard,Fleece,0,Casual,Tops,
Bodysuit,Mustard,Spandex,0,Casual,Dresses,
Shirt dress,Sage,Leather,0,Casual,Dresses,
Fair Isle sweater,Pink,Linen,0,Casual,Tops,
Mini dress,Mauve,Polyester,0,Casual,Dresses,
Pajama pants,Forest Green,Nylon,0,Loungewear,Bottoms,
Cropped cardigan,Maroon,Polyester,0,Outerwear,Jackets,
Yoga shorts,Lime,Linen,0,Athletic,Activewear,
Floral jumpsuit,Hot Pink,Wool,0,Casual,Dresses,
Ribbed sweater,Color Block Black/Red,Silk,0,Casual,Tops,
Sleep shirt,Lavender,Polyester,0,Loungewear,Tops,
Cargo pants,Cream,Nylon,0,Casual,Bottoms,
Floral dress,Forest Green,Cotton,0,Casual,Dresses,
Distressed jeans,Purple,Silk,0,Casual,Bottoms,
Cashmere sweater,Floral Multicolor,Wool,0,Casual,Tops,
Oversized sweater,Blue/White,Linen,0,Casual,Tops,
Denim shorts,Denim Blue,Denim,0,Casual,Bottoms,
Running shirt,Color Block Black/Red,Polyester,0,Athletic,Activewear,
Denim shorts,Black/White,Silk,0,Casual,Bottoms,
Sundress,Yellow,Denim,0,Casual,Dresses,
Denim jacket,Floral Multicolor,Spandex,0,Outerwear,Jackets,
Gym tank,Beige,Denim,0,Athletic,Activewear,
Striped tee,Burgundy,Leather,0,Casual,Tops,
Cardigan,Brown,Leather,0,Outerwear,Jackets,
Shirt dress,Striped Black/White,Cotton,0,Casual,Dresses,
Wide leg pants,Color Block Navy/White,Cotton,0,Casual,Bottoms,
Pajama set,Cobalt,Polyester,0,Loungewear,Tops,
Training shorts,Forest Green,Wool,0,Athletic,Activewear,
Peplum top,Teal,Spandex,0,Casual,Tops,
Workout top,Blue/White,Cotton,0,Athletic,Activewear,
Compression shorts,Olive,Fleece,0,Athletic,Activewear,
Performance jacket,Wine,Polyester,0,Athletic,Activewear,
Off-shoulder top,Turquoise,Silk,0,Casual,Tops,
Cropped cardigan,Rust,Cotton,0,Outerwear,Jackets,
Midi dress,Burgundy,Nylon,0,Casual,Dresses,
One-piece swimsuit,Zebra Print,Cotton,0,Athletic,Activewear,
Open front cardigan,Lavender,Spandex,0,Outerwear,Jackets,
Button-down shirt,Cobalt,Spandex,0,Casual,Tops,
Formal blouse,Aqua,Polyester,0,Formal,Tops,
Halter top,Gold,Nylon,0,Casual,Tops,
Long sleeve,Plaid Blue/Green,Cotton,0,Casual,Tops,
Racerback tank,Houndstooth Black/White,Denim,0,Athletic,Activewear,
Cowl neck top,Striped Navy/White,Linen,0,Casual,Tops,
Denim shorts,Zebra Print,Silk,0,Casual,Bottoms,
Distressed jeans,Checkered Black/White,Polyester,0,Casual,Bottoms,
Thermal pajamas,Aqua,Nylon,0,Loungewear,Tops,
Pajama pants,Blush,Fleece,0,Loungewear,Bottoms,
Faux leather jacket,Black/Gray,Denim,0,Outerwear,Jackets,
Palazzo pants,Yellow,Cotton,0,Casual,Bottoms,
Leggings,Gray,Silk,0,Athletic,Bottoms,
Military jacket,Yellow,Cotton,0,Outerwear,Jackets,
Wrap blouse,Tan,Silk,0,Casual,Tops,
Ruffle blouse,Cream,Nylon,0,Casual,Tops,
Wrap blouse,Tie-Dye Multicolor,Spandex,0,Casual,Tops,
Board shorts,Plaid Blue/Green,Silk,0,Athletic,Activewear,
Pullover hoodie,Light Blue,Leather,0,Outerwear,Jackets,
Linen pants,Striped Navy/White,Linen,0,Casual,Bottoms,
Boyfriend jeans,Blue,Spandex,0,Casual,Bottoms,
Pullover sweater,Navy/White,Wool,0,Casual,Tops,
Linen dress,Peach,Leather,0,Casual,Dresses,
Yoga shorts,Beige,Spandex,0,Athletic,Activewear,
Camisole,Salmon,Leather,0,Casual,Tops,
Evening gown,Sky Blue,Wool,0,Formal,Dresses,
Low rise jeans,Orange,Polyester,0,Casual,Bottoms,
Overalls,Denim Blue,Fleece,0,Casual,Dresses,
Wide leg jeans,Sage,Leather,0,Casual,Bottoms,
Palazzo pants,Caramel,Linen,0,Casual,Bottoms,
Formal blouse,Color Block Navy/White,Spandex,0,Formal,Tops,
Crop top,Checkered Black/White,Cotton,0,Casual,Tops,
Henley,Gold,Silk,0,Casual,Tops,
Formal gown,Plaid Blue/Green,Leather,0,Formal,Dresses,
Distressed jeans,Salmon,Polyester,0,Casual,Bottoms,
Zip-up top,Hot Pink,Cotton,0,Casual,Tops,
A-line dress,Olive,Leather,0,Casual,Dresses,
Bike shorts,Black/White,Cotton,0,Casual,Activewear,
Striped tee,Orange,Fleece,0,Casual,Tops,
Joggers,Tan,Nylon,0,Athletic,Bottoms,
Camisole,Purple,Polyester,0,Casual,Tops,
Crop top,Plaid Red/Black,Denim,0,Casual,Tops,
Fleece jacket,Burgundy,Polyester,0,Outerwear,Jackets,
Denim jacket,Chocolate,Leather,0,Outerwear,Jackets,
Ruffle blouse,Brown,Cotton,0,Casual,Tops,
Cocktail dress,Royal Blue,Silk,0,Formal,Dresses,
Utility jacket,Ivory,Nylon,0,Outerwear,Jackets,
Casual dress,Leopard Print,Polyester,0,Casual,Dresses,
Shorts,Burnt Orange,Linen,0,Casual,Bottoms,
Trousers,Olive,Leather,0,Casual,Bottoms,
V-neck tee,Turquoise,Leather,0,Casual,Tops,
Wrap skirt,Caramel,Cotton,0,Casual,Bottoms,
Athletic romper,Blue,Nylon,0,Athletic,Activewear,
Zip-up hoodie,Terracotta,Wool,0,Outerwear,Jackets,
Denim shorts,Light Blue,Fleece,0,Casual,Bottoms,
Ruffle blouse,Lime,Leather,0,Casual,Tops,
Running shorts,Burgundy,Polyester,0,Athletic,Activewear,
Sweatshirt,Turquoise,Cotton,0,Outerwear,Jackets,
Graphic tee,Color Block Navy/White,Spandex,0,Casual,Tops,
Colorblock sweater,Sky Blue,Denim,0,Casual,Tops,
Denim shorts,Cobalt,Spandex,0,Casual,Bottoms,
Running shirt,Color Block Navy/White,Cotton,0,Athletic,Activewear,
Cargo shorts,Mint,Fleece,0,Casual,Bottoms,
Sports bra,Plum,Cotton,0,Athletic,Activewear,
Sleep shirt,Olive,Linen,0,Loungewear,Tops,
Wool coat,Green,Polyester,0,Outerwear,Jackets,
Henley,Black/White,Wool,0,Casual,Tops,
Athletic tank,Black,Nylon,0,Athletic,Activewear,
Swim trunks,Light Blue,Wool,0,Athletic,Activewear,
Sports bra top,Red/White,Polyester,0,Athletic,Activewear,
Anorak,White,Denim,0,Athletic,Jackets,
Peasant blouse,Crimson,Nylon,0,Casual,Tops,
Linen shirt,Blush,Linen,0,Casual,Tops,
Sweater dress,Light Blue,Polyester,0,Casual,Dresses,
Maxi skirt,Pink,Polyester,0,Casual,Bottoms,
High waist pants,Burnt Orange,Nylon,0,Casual,Bottoms,
Striped sweater,Sky Blue,Fleece,0,Casual,Tops,
One-piece swimsuit,Color Block Black/Red,Spandex,0,Athletic,Activewear,
V-neck sweater,Crimson,Nylon,0,Casual,Tops,
Sports bra top,Wine,Leather,0,Athletic,Activewear,
Flannel shirt,Wine,Nylon,0,Casual,Tops,
Suit jacket,Peach,Cotton,0,Formal,Jackets,
Athletic shorts,Burgundy,Spandex,0,Athletic,Activewear,
Shirt dress,Cream,Leather,0,Casual,Dresses,
Sweatpants,Rust,Leather,0,Loungewear,Bottoms,
Capri pants,Aqua,Silk,0,Casual,Bottoms,
Track pants,Charcoal,Wool,0,Athletic,Bottoms,
Floral dress,Lilac,Wool,0,Casual,Dresses,
Ruffle blouse,Sage,Cotton,0,Casual,Tops,
Oversized sweater,Tie-Dye Multicolor,Nylon,0,Casual,Tops,
Pajama shorts,Houndstooth Black/White,Fleece,0,Loungewear,Bottoms,
Oxford shirt,Cobalt,Wool,0,Formal,Tops,
Straight leg jeans,Olive,Cotton,0,Casual,Bottoms,
Off-shoulder top,Navy/White,Silk,0,Casual,Tops,
Yoga shorts,Purple,Wool,0,Athletic,Activewear,
Cropped cardigan,Tie-Dye Multicolor,Denim,0,Outerwear,Jackets,
Bodycon dress,Orange,Wool,0,Casual,Dresses,
Athletic tank,Navy/White,Cotton,0,Athletic,Activewear,
Bomber jacket,Houndstooth Black/White,Silk,0,Outerwear,Jackets,
Maxi dress,Navy/White,Cotton,0,Casual,Dresses,
Striped sweater,Lilac,Wool,0,Casual,Tops,
Colorblock sweater,Royal Blue,Nylon,0,Casual,Tops,
Sport coat,Aqua,Denim,0,Outerwear,Jackets,
Denim skirt,Salmon,Fleece,0,Casual,Bottoms,
Oversized hoodie,Light Blue,Spandex,0,Outerwear,Jackets,
Casual dress,Hot Pink,Cotton,0,Casual,Dresses,
Crew neck sweater,Turquoise,Silk,0,Casual,Tops,
Crewneck sweatshirt,Black,Linen,0,Outerwear,Jackets,
Bike shorts,Burnt Orange,Nylon,0,Casual,Activewear,
Suit pants,Lavender,Leather,0,Formal,Bottoms,
Romper,Red/White,Silk,0,Casual,Dresses,
Denim jacket,Striped Navy/White,Leather,0,Outerwear,Jackets,
Pullover sweater,Chocolate,Fleece,0,Casual,Tops,
Leather jacket,Lilac,Spandex,0,Outerwear,Jackets,
Prom dress,Gold,Silk,0,Formal,Dresses,
Track pants,Rust,Linen,0,Athletic,Bottoms,
Flannel shirt,Ivory,Polyester,0,Casual,Tops,
Down jacket,Caramel,Leather,0,Outerwear,Jackets,
Summer dress,Orange,Cotton,0,Casual,Dresses,
Peacoat,Salmon,Polyester,0,Outerwear,Jackets,
Band tee,Black,Spandex,0,Casual,Tops,
One-piece swimsuit,Black/White,Silk,0,Athletic,Activewear,
Straight leg jeans,Leopard Print,Leather,0,Casual,Bottoms,
Crop top,Color Block Black/Red,Fleece,0,Casual,Tops,
Mock neck top,Blue/White,Denim,0,Casual,Tops,
Cocktail dress,Striped Black/White,Cotton,0,Formal,Dresses,
Anorak,Purple,Denim,0,Athletic,Jackets,
Sweater,Camouflage Green,Leather,0,Casual,Tops,
Crewneck sweatshirt,Black/Gray,Linen,0,Outerwear,Jackets,
Running shirt,Striped Navy/White,Leather,0,Athletic,Activewear,
Shorts,Lime,Wool,0,Casual,Bottoms,
Track jacket,Leopard Print,Silk,0,Athletic,Jackets,
Cable knit sweater,Gold,Wool,0,Casual,Tops,
Jumpsuit,Caramel,Fleece,0,Casual,Dresses,
Dress pants,Forest Green,Nylon,0,Formal,Bottoms,
Pencil skirt,Checkered Black/White,Nylon,0,Formal,Bottoms,
Oversized tee,Crimson,Silk,0,Casual,Tops,
Bodycon dress,Crimson,Silk,0,Casual,Dresses,
Blouse,Nude,Linen,0,Casual,Tops,
Floral skirt,Checkered Black/White,Leather,0,Casual,Bottoms,
Summer dress,Tan,Fleece,0,Casual,Dresses,
Casual dress,Fuchsia,Cotton,0,Casual,Dresses,
Performance jacket,Hot Pink,Leather,0,Athletic,Activewear,
Tee,Mauve,Cotton,0,Casual,Tops,
Training shorts,Fuchsia,Nylon,0,Athletic,Activewear,
Zip-up hoodie,Checkered Black/White,Silk,0,Outerwear,Jackets,
Trench coat,Yellow,Wool,0,Outerwear,Jackets,
Velvet dress,Plaid Blue/Green,Cotton,0,Casual,Dresses,
A-line dress,Plum,Spandex,0,Casual,Dresses,
Running tights,Maroon,Leather,0,Athletic,Activewear,
Cowl neck top,Houndstooth Black/White,Cotton,0,Casual,Tops,
Slip dress,Charcoal,Nylon,0,Casual,Dresses,
Oversized sweater,Black/White,Denim,0,Casual,Tops,
Floral jumpsuit,Coral,Polyester,0,Casual,Dresses,
Shorts,Hot Pink,Nylon,0,Casual,Bottoms,
Distressed jeans,Blue/White,Spandex,0,Casual,Bottoms,
Leggings,Hot Pink,Wool,0,Athletic,Bottoms,
Training shorts,Nude,Wool,0,Athletic,Activewear,
Bodysuit,Striped Navy/White,Cotton,0,Casual,Dresses,
Moisture-wicking tee,Checkered Black/White,Polyester,0,Athletic,Activewear,
Capri pants,Yellow,Cotton,0,Casual,Bottoms,
One-piece swimsuit,Ivory,Cotton,0,Athletic,Activewear,
Palazzo pants,Rust,Cotton,0,Casual,Bottoms,
Turtleneck sweater,Crimson,Silk,0,Casual,Tops,
Cowl neck top,Striped Navy/White,Denim,0,Casual,Tops,
Parka,Terracotta,Leather,0,Outerwear,Jackets,
Robe,Green,Wool,0,Loungewear,Jackets,
Zip-up top,Cobalt,Linen,0,Casual,Tops,
A-line skirt,Sky Blue,Cotton,0,Casual,Bottoms,
A-line skirt,Hot Pink,Wool,0,Casual,Bottoms,
Sports bra,Rust,Nylon,0,Athletic,Activewear,
Varsity jacket,Lime,Spandex,0,Outerwear,Jackets,
Lounge shorts,Turquoise,Denim,0,Loungewear,Bottoms,
Tuxedo pants,Ivory,Wool,0,Formal,Bottoms,
Fleece vest,Black/White,Nylon,0,Casual,Jackets,
Ruffle blouse,Camouflage Green,Denim,0,Casual,Tops,
Polo shirt,Nude,Nylon,0,Casual,Tops,
Off-shoulder top,Navy/White,Nylon,0,Casual,Tops,
Fair Isle sweater,Blue/White,Cotton,0,Casual,Tops,
Velvet dress,Wine,Nylon,0,Casual,Dresses,
Merino sweater,Forest Green,Polyester,0,Casual,Tops,
Bikini top,Plaid Red/Black,Leather,0,Casual,Activewear,
Velvet dress,Forest Green,Silk,0,Casual,Dresses,
Linen pants,Navy,Wool,0,Casual,Bottoms,
Bib overalls,Lime,Leather,0,Casual,Dresses,
Ski jacket,Hot Pink,Nylon,0,Athletic,Jackets,
Oxford shirt,Floral Multicolor,Polyester,0,Formal,Tops,
Wide leg jeans,Plaid Blue/Green,Silk,0,Casual,Bottoms,
Culotte pants,Olive,Leather,0,Casual,Bottoms,
Board shorts,Sage,Cotton,0,Athletic,Activewear,
Faux leather jacket,Orange,Nylon,0,Outerwear,Jackets,
Trousers,Peach,Linen,0,Casual,Bottoms,
Cropped hoodie,Gold,Leather,0,Outerwear,Jackets,
Fitted sweater,Plaid Blue/Green,Leather,0,Casual,Tops,
Tuxedo jacket,Gray,Spandex,0,Formal,Jackets,
Skirt,Yellow,Fleece,0,Casual,Bottoms,
Lounge pants,Lime,Polyester,0,Loungewear,Bottoms,
Colorblock sweater,Blush,Leather,0,Casual,Tops,
Oversized hoodie,Zebra Print,Denim,0,Outerwear,Jackets,
Linen dress,Color Block Navy/White,Wool,0,Casual,Dresses,
Culotte pants,Blue/White,Wool,0,Casual,Bottoms,
Maxi skirt,Green,Silk,0,Casual,Bottoms,
Turtleneck,Orange,Linen,0,Casual,Tops,
Turtleneck,Houndstooth Black/White,Nylon,0,Casual,Tops,
Low rise jeans,Terracotta,Leather,0,Casual,Bottoms,
Chino shorts,Zebra Print,Fleece,0,Casual,Bottoms,
Compression shirt,Orange,Fleece,0,Athletic,Activewear,
Cargo pants,Pink,Wool,0,Casual,Bottoms,
Midi skirt,White,Polyester,0,Casual,Bottoms,
Cowl neck top,Sage,Polyester,0,Casual,Tops,
Tube top,Color Block Navy/White,Fleece,0,Casual,Tops,
Lounge shorts,Light Blue,Leather,0,Loungewear,Bottoms,
Moisture-wicking shirt,White,Fleece,0,Athletic,Activewear,
Winter puffer,Plaid Red/Black,Denim,0,Outerwear,Jackets,
Thermal leggings,Coral,Polyester,0,Athletic,Activewear,
Wide leg pants,Plaid Red/Black,Denim,0,Casual,Bottoms,
Blouse,Salmon,Cotton,0,Casual,Tops,
Wrap blouse,Beige,Cotton,0,Casual,Tops,
Pocket tee,Turquoise,Nylon,0,Casual,Tops,
Palazzo pants,Royal Blue,Spandex,0,Casual,Bottoms,
Cropped cardigan,Yellow,Nylon,0,Outerwear,Jackets,
Shirt dress,Black/Gray,Cotton,0,Casual,Dresses,
Mini skirt,Black/White,Linen,0,Casual,Bottoms,
Ski jacket,Tan,Spandex,0,Athletic,Jackets,
Performance jacket,Burnt Orange,Silk,0,Athletic,Activewear,
Denim shorts,Chocolate,Linen,0,Casual,Bottoms,
Trousers,Wine,Nylon,0,Casual,Bottoms,
Workout top,Black,Polyester,0,Athletic,Activewear,
Bib overalls,Striped Navy/White,Fleece,0,Casual,Dresses,
Chambray shirt,Mustard,Fleece,0,Casual,Tops,
Fleece robe,Mint,Leather,0,Loungewear,Jackets,
Wrap blouse,Mustard,Wool,0,Casual,Tops,
Suit pants,Rust,Silk,0,Formal,Bottoms,
Sleeveless blouse,Checkered Black/White,Silk,0,Casual,Tops,
Fitted sweater,Crimson,Wool,0,Casual,Tops,
Fitted tee,Caramel,Polyester,0,Casual,Tops,
Zip-up top,Aqua,Fleece,0,Casual,Tops,
Jumpsuit,Royal Blue,Leather,0,Casual,Dresses,
Loungewear set,Turquoise,Silk,0,Loungewear,Tops,
Cargo shorts,Camouflage Green,Nylon,0,Casual,Bottoms,
Peacoat,Red/White,Nylon,0,Outerwear,Jackets,
Open front cardigan,Ivory,Linen,0,Outerwear,Jackets,
Athletic dress,Lavender,Wool,0,Athletic,Activewear,
Flannel shirt,Navy,Silk,0,Casual,Tops,
Pajama shirt,Gray,Wool,0,Loungewear,Tops,
Rain jacket,Ivory,Silk,0,Outerwear,Jackets,
Winter puffer,Leopard Print,Silk,0,Outerwear,Jackets,
Board shorts,Coral,Silk,0,Athletic,Activewear,
Fair Isle sweater,Plaid Blue/Green,Spandex,0,Casual,Tops,
Winter puffer,Violet,Linen,0,Outerwear,Jackets,
Yoga pants,Lavender,Spandex,0,Athletic,Activewear,
Sports bra top,Lilac,Leather,0,Athletic,Activewear,
Lounge pants,Floral Multicolor,Fleece,0,Loungewear,Bottoms,
Colorblock sweater,Salmon,Cotton,0,Casual,Tops,
Linen jumpsuit,Navy,Wool,0,Casual,Dresses,
Wide leg pants,Lavender,Denim,0,Casual,Bottoms,
Swim trunks,Salmon,Nylon,0,Athletic,Activewear,
T-shirt,Checkered Black/White,Leather,0,Casual,Tops,
Party dress,Beige,Cotton,0,Casual,Dresses,
Faux leather jacket,Pink,Fleece,0,Outerwear,Jackets,
Cable knit sweater,Red/White,Polyester,0,Casual,Tops,
Flared jeans,Forest Green,Denim,0,Casual,Bottoms,
Bike shorts,Red/White,Linen,0,Casual,Activewear,
Mock neck top,Charcoal,Silk,0,Casual,Tops,
Sleep shorts,Burgundy,Fleece,0,Loungewear,Bottoms,
Oversized hoodie,White,Polyester,0,Outerwear,Jackets,
Henley,Yellow,Denim,0,Casual,Tops,
Floral jumpsuit,Royal Blue,Cotton,0,Casual,Dresses,
Overcoat,Teal,Denim,0,Outerwear,Jackets,
Fleece robe,Forest Green,Polyester,0,Loungewear,Jackets,
Raincoat,Striped Navy/White,Denim,0,Outerwear,Jackets,
Linen jumpsuit,Color Block Navy/White,Linen,0,Casual,Dresses,
Bodycon dress,Orange,Wool,0,Casual,Dresses,
Moisture-wicking tee,Denim Blue,Cotton,0,Athletic,Activewear,
Chino shorts,Nude,Linen,0,Casual,Bottoms,
Suit pants,Camouflage Green,Wool,0,Formal,Bottoms,
T-shirt,Mint,Polyester,0,Casual,Tops,
Military jacket,Plaid Blue/Green,Cotton,0,Outerwear,Jackets,
Overalls,Houndstooth Black/White,Leather,0,Casual,Dresses,
Compression leggings,Lilac,Nylon,0,Athletic,Activewear,
Wrap dress,Blue/White,Polyester,0,Casual,Dresses,
Boyfriend jeans,Gold,Silk,0,Casual,Bottoms,
Chinos,Peach,Polyester,0,Casual,Bottoms,
Pencil skirt,Striped Navy/White,Denim,0,Formal,Bottoms,
Bodycon dress,Crimson,Fleece,0,Casual,Dresses,
Linen shirt,Light Blue,Fleece,0,Casual,Tops,
Varsity jacket,Lilac,Spandex,0,Outerwear,Jackets,
Jumpsuit,Blue,Cotton,0,Casual,Dresses,
Linen jumpsuit,White,Linen,0,Casual,Dresses,
Formal gown,Crimson,Nylon,0,Formal,Dresses,
Winter puffer,Olive,Wool,0,Outerwear,Jackets,
Turtleneck sweater,Rose,Nylon,0,Casual,Tops,
Floral skirt,Houndstooth Black/White,Fleece,0,Casual,Bottoms,
Pencil skirt,Plaid Blue/Green,Nylon,0,Formal,Bottoms,
Linen shirt,Brown,Silk,0,Casual,Tops,
Chunky knit sweater,Mint,Silk,0,Casual,Tops,
Moisture-wicking tee,Navy,Denim,0,Athletic,Activewear,
Compression shirt,Blue,Wool,0,Athletic,Activewear,
Zip-up top,Turquoise,Cotton,0,Casual,Tops,
Athletic tank,Lavender,Polyester,0,Athletic,Activewear,
Skirt,Mauve,Leather,0,Casual,Bottoms,
Sweater dress,Red,Denim,0,Casual,Dresses,
Fleece jacket,Peach,Linen,0,Outerwear,Jackets,
Jeans,Wine,Nylon,0,Casual,Bottoms,
Sweater,Hot Pink,Fleece,0,Casual,Tops,
Overcoat,Red,Silk,0,Outerwear,Jackets,
Floral jumpsuit,Green,Leather,0,Casual,Dresses,
Pleated pants,White,Leather,0,Casual,Bottoms,
Bike shorts,Checkered Black/White,Linen,0,Casual,Activewear,
Wrap blouse,Red/White,Leather,0,Casual,Tops,
Military jacket,Turquoise,Nylon,0,Outerwear,Jackets,
Loungewear set,Green,Leather,0,Loungewear,Tops,
Midi skirt,Rust,Denim,0,Casual,Bottoms,
Raincoat,Sky Blue,Silk,0,Outerwear,Jackets,
Shirt dress,Mauve,Fleece,0,Casual,Dresses,
Robe,Teal,Cotton,0,Loungewear,Jackets,
Pullover sweater,Rose,Wool,0,Casual,Tops,
Graphic tee,Beige,Fleece,0,Casual,Tops,
Bike shorts,Mustard,Denim,0,Casual,Activewear,
Sweatpants,Orange,Wool,0,Loungewear,Bottoms,
Pajama shorts,Denim Blue,Spandex,0,Loungewear,Bottoms,
Cable knit sweater,Ivory,Silk,0,Casual,Tops,
Suit pants,Red/White,Cotton,0,Formal,Bottoms,
Utility jacket,Pink,Denim,0,Outerwear,Jackets,
Henley,Teal,Spandex,0,Casual,Tops,
Moisture-wicking tee,Nude,Nylon,0,Athletic,Activewear,
Bootcut jeans,Light Blue,Nylon,0,Casual,Bottoms,
Maxi dress,Zebra Print,Denim,0,Casual,Dresses,
Cargo shorts,Maroon,Wool,0,Casual,Bottoms,
Raincoat,Teal,Silk,0,Outerwear,Jackets,
Cocktail dress,Cobalt,Leather,0,Formal,Dresses,
Peasant blouse,Red,Silk,0,Casual,Tops,
Pajama shorts,Rose,Spandex,0,Loungewear,Bottoms,
Henley,Rose,Cotton,0,Casual,Tops,
Denim shorts,Houndstooth Black/White,Denim,0,Casual,Bottoms,
Linen jumpsuit,Blush,Wool,0,Casual,Dresses,
Field jacket,Hot Pink,Spandex,0,Athletic,Jackets,
Off-shoulder top,Mustard,Leather,0,Casual,Tops,
Flannel shirt,Color Block Black/Red,Fleece,0,Casual,Tops,
Sweater,Yellow,Cotton,0,Casual,Tops,
Fair Isle sweater,Striped Black/White,Polyester,0,Casual,Tops,
Merino sweater,Peach,Denim,0,Casual,Tops,
Oversized tee,Ivory,Cotton,0,Casual,Tops,
Midi skirt,Floral Multicolor,Denim,0,Casual,Bottoms,
Raglan shirt,Gold,Polyester,0,Casual,Tops,
Crew neck tee,Fuchsia,Leather,0,Casual,Tops,
Mini dress,Checkered Black/White,Silk,0,Casual,Dresses,
Military jacket,Crimson,Linen,0,Outerwear,Jackets,
Cashmere sweater,Blue,Polyester,0,Casual,Tops,
Crew neck sweater,Peach,Wool,0,Casual,Tops,
Chambray shirt,Blush,Silk,0,Casual,Tops,
Romper,Red/White,Linen,0,Casual,Dresses,
Sundress,Blue,Cotton,0,Casual,Dresses,
Sweatshirt,Mauve,Polyester,0,Outerwear,Jackets,
Skater dress,Sage,Linen,0,Casual,Dresses,
Mock neck top,Blue/White,Spandex,0,Casual,Tops,
Colorblock sweater,Terracotta,Cotton,0,Casual,Tops,
Crop top,Lilac,Denim,0,Casual,Tops,
Cowl neck top,Burnt Orange,Cotton,0,Casual,Tops,
Performance jacket,Color Block Navy/White,Polyester,0,Athletic,Activewear,
Military jacket,Terracotta,Silk,0,Outerwear,Jackets,
Floral skirt,Red,Cotton,0,Casual,Bottoms,
Chino shorts,Red,Denim,0,Casual,Bottoms,
Pullover hoodie,Green,Nylon,0,Outerwear,Jackets,
Peplum top,Charcoal,Denim,0,Casual,Tops,
Polo shirt,Mauve,Denim,0,Casual,Tops,
Military jacket,Lavender,Cotton,0,Outerwear,Jackets,
Skinny jeans,Olive,Polyester,0,Casual,Bottoms,
Cowl neck top,Nude,Cotton,0,Casual,Tops,
Sleeveless blouse,Brown,Leather,0,Casual,Tops,
Overalls,Pink,Silk,0,Casual,Dresses,
Varsity jacket,Sky Blue,Leather,0,Outerwear,Jackets,
Blazer,Yellow,Polyester,0,Formal,Jackets,
Yoga shorts,Leopard Print,Polyester,0,Athletic,Activewear,
Athletic romper,Charcoal,Polyester,0,Athletic,Activewear,
Puffer vest,Salmon,Silk,0,Outerwear,Jackets,
Sleep shirt,Sky Blue,Linen,0,Loungewear,Tops,
Thermal pajamas,Red/White,Nylon,0,Loungewear,Tops,
Bodysuit,Lavender,Linen,0,Casual,Dresses,
Blouse,Light Blue,Wool,0,Casual,Tops,
Turtleneck sweater,Color Block Navy/White,Silk,0,Casual,Tops,
Shirt dress,Zebra Print,Fleece,0,Casual,Dresses,
Linen jumpsuit,Camouflage Green,Cotton,0,Casual,Dresses,
Compression shirt,Cobalt,Silk,0,Athletic,Activewear,
Sweater dress,Black/Gray,Silk,0,Casual,Dresses,
Party dress,Plum,Leather,0,Casual,Dresses,
Floral dress,Nude,Spandex,0,Casual,Dresses,
Wrap skirt,Black/White,Wool,0,Casual,Bottoms,
Striped sweater,Green,Leather,0,Casual,Tops,
Striped tee,Striped Navy/White,Cotton,0,Casual,Tops,
Henley,Chocolate,Spandex,0,Casual,Tops,
Sweater dress,Blue,Leather,0,Casual,Dresses,
Dress vest,Light Blue,Polyester,0,Formal,Jackets,
Military jacket,Color Block Black/Red,Polyester,0,Outerwear,Jackets,
Pajama pants,Royal Blue,Cotton,0,Loungewear,Bottoms,
Culotte pants,Black/White,Polyester,0,Casual,Bottoms,
Bike shorts,Aqua,Leather,0,Casual,Activewear,
Moisture-wicking shirt,Camouflage Green,Silk,0,Athletic,Activewear,
Striped tee,Plaid Red/Black,Silk,0,Casual,Tops,
Off-shoulder top,Violet,Denim,0,Casual,Tops,
Sleeveless blouse,Sage,Silk,0,Casual,Tops,
Formal blouse,Black/White,Cotton,0,Formal,Tops,
Cropped cardigan,Forest Green,Cotton,0,Outerwear,Jackets,
Wide leg jeans,Forest Green,Nylon,0,Casual,Bottoms,
Leggings,Violet,Cotton,0,Athletic,Bottoms,
Wide leg jeans,Red,Leather,0,Casual,Bottoms,
Ruffle blouse,Red,Cotton,0,Casual,Tops,
Henley,Zebra Print,Silk,0,Casual,Tops,
Wrap dress,Nude,Leather,0,Casual,Dresses,
Thermal leggings,Burgundy,Fleece,0,Athletic,Activewear,
A-line skirt,Lavender,Nylon,0,Casual,Bottoms,
Tube top,Crimson,Linen,0,Casual,Tops,
Gym tank,Beige,Nylon,0,Athletic,Activewear,
Cargo shorts,Red/White,Polyester,0,Casual,Bottoms,
Trench coat,Red/White,Denim,0,Outerwear,Jackets,
Cargo shorts,Terracotta,Silk,0,Casual,Bottoms,
Sleeveless blouse,Violet,Fleece,0,Casual,Tops,
Peplum top,Mint,Leather,0,Casual,Tops,
Windbreaker,Aqua,Polyester,0,Athletic,Jackets,
Sweatpants,Rose,Polyester,0,Loungewear,Bottoms,
Tee,Burnt Orange,Leather,0,Casual,Tops,
Distressed jeans,Denim Blue,Wool,0,Casual,Bottoms,
Bermuda shorts,Lavender,Denim,0,Casual,Bottoms,
Tee,Floral Multicolor,Spandex,0,Casual,Tops,
Skinny jeans,Light Blue,Spandex,0,Casual,Bottoms,
Fleece vest,Mustard,Denim,0,Casual,Jackets,
Anorak,Mauve,Nylon,0,Athletic,Jackets,
Skater dress,Ivory,Polyester,0,Casual,Dresses,
Button-down shirt,Blue/White,Nylon,0,Casual,Tops,
Wrap skirt,Black/White,Cotton,0,Casual,Bottoms,
Sleep shorts,Nude,Fleece,0,Loungewear,Bottoms,
Sleeveless blouse,Salmon,Cotton,0,Casual,Tops,
Denim skirt,Maroon,Leather,0,Casual,Bottoms,
Loungewear set,Pink,Spandex,0,Loungewear,Tops,
Velvet dress,Sky Blue,Wool,0,Casual,Dresses,
Velvet dress,Salmon,Cotton,0,Casual,Dresses,
Bodysuit,Rose,Denim,0,Casual,Dresses,
Running shirt,Plum,Silk,0,Athletic,Activewear,
Yoga pants,Maroon,Nylon,0,Athletic,Activewear,
Denim jacket,Cobalt,Cotton,0,Outerwear,Jackets,
Denim jacket,Orange,Wool,0,Outerwear,Jackets,
Capri pants,Red,Spandex,0,Casual,Bottoms,
Moisture-wicking shirt,Red,Wool,0,Athletic,Activewear,
High waist jeans,Wine,Cotton,0,Casual,Bottoms,
Racerback tank,Caramel,Cotton,0,Athletic,Activewear,
Swim trunks,Floral Multicolor,Leather,0,Athletic,Activewear,
Gym tank,Black/Gray,Cotton,0,Athletic,Activewear,
Cable knit sweater,Purple,Cotton,0,Casual,Tops,
Jumpsuit,Brown,Leather,0,Casual,Dresses,
Romper,Turquoise,Wool,0,Casual,Dresses,
Varsity jacket,Tan,Silk,0,Outerwear,Jackets,
Sport coat,Caramel,Denim,0,Outerwear,Jackets,
Floral jumpsuit,Black/Gray,Cotton,0,Casual,Dresses,
Halter top,Blush,Fleece,0,Casual,Tops,
Peasant blouse,Navy,Linen,0,Casual,Tops,
Bodycon dress,Striped Black/White,Polyester,0,Casual,Dresses,
Bib overalls,Orange,Leather,0,Casual,Dresses,
Longline cardigan,Striped Navy/White,Spandex,0,Outerwear,Jackets,
Pocket tee,Tan,Leather,0,Casual,Tops,
Moisture-wicking shirt,Plum,Nylon,0,Athletic,Activewear,
Sport coat,Wine,Polyester,0,Outerwear,Jackets,
Palazzo pants,Red/White,Spandex,0,Casual,Bottoms,
Windbreaker,Leopard Print,Linen,0,Athletic,Jackets,
Maxi dress,Blush,Fleece,0,Casual,Dresses,
A-line dress,Peach,Denim,0,Casual,Dresses,
Pajama shorts,Beige,Polyester,0,Loungewear,Bottoms,
Blouse,Lilac,Spandex,0,Casual,Tops,
Cropped hoodie,Fuchsia,Fleece,0,Outerwear,Jackets,
Wide leg pants,Crimson,Wool,0,Casual,Bottoms,
Bodysuit,Red,Silk,0,Casual,Dresses,
A-line skirt,Rose,Denim,0,Casual,Bottoms,
Cardigan,Chocolate,Silk,0,Outerwear,Jackets,
Anorak,Hot Pink,Nylon,0,Athletic,Jackets,
Formal skirt,Light Blue,Cotton,0,Formal,Bottoms,
Henley,Black/White,Denim,0,Casual,Tops,
Sundress,Gray,Fleece,0,Casual,Dresses,
A-line skirt,Coral,Silk,0,Casual,Bottoms,
Thermal leggings,Plaid Blue/Green,Linen,0,Athletic,Activewear,
Track pants,Denim Blue,Cotton,0,Athletic,Bottoms,
Peasant blouse,Teal,Spandex,0,Casual,Tops,
Sport coat,Checkered Black/White,Cotton,0,Outerwear,Jackets,
Linen shirt,Plum,Denim,0,Casual,Tops,
Cardigan,Hot Pink,Cotton,0,Outerwear,Jackets,
Sports bra top,Coral,Nylon,0,Athletic,Activewear,
Compression shorts,Red/White,Polyester,0,Athletic,Activewear,
Party dress,Pink,Nylon,0,Casual,Dresses,
Romper,Mint,Leather,0,Casual,Dresses,
Chinos,Houndstooth Black/White,Fleece,0,Casual,Bottoms,
A-line skirt,Striped Navy/White,Silk,0,Casual,Bottoms,
Mini dress,Red/White,Leather,0,Casual,Dresses,
Track jacket,Mint,Silk,0,Athletic,Jackets,
Blazer,Zebra Print,Leather,0,Formal,Jackets,
Sports bra top,Rust,Denim,0,Athletic,Activewear,
Wide leg pants,Beige,Leather,0,Casual,Bottoms,
Midi dress,Color Block Navy/White,Spandex,0,Casual,Dresses,
Thermal pajamas,Leopard Print,Denim,0,Loungewear,Tops,
Running shorts,Chocolate,Linen,0,Athletic,Activewear,
Cargo shorts,Black/Gray,Nylon,0,Casual,Bottoms,
Band tee,Navy/White,Spandex,0,Casual,Tops,
Sweatpants,Black/Gray,Linen,0,Loungewear,Bottoms,
Flannel shirt,Nude,Polyester,0,Casual,Tops,
Skater dress,Camouflage Green,Denim,0,Casual,Dresses,
Dress pants,Fuchsia,Nylon,0,Formal,Bottoms,
Midi dress,Yellow,Cotton,0,Casual,Dresses,
Pencil skirt,Blue,Polyester,0,Formal,Bottoms,
Tuxedo jacket,Red,Denim,0,Formal,Jackets,
Linen shirt,Mint,Leather,0,Casual,Tops,
Lounge shorts,Denim Blue,Leather,0,Loungewear,Bottoms,
Overalls,Black,Nylon,0,Casual,Dresses,
Button-down shirt,Green,Silk,0,Casual,Tops,
Pocket tee,Color Block Navy/White,Cotton,0,Casual,Tops,
Linen dress,Cobalt,Fleece,0,Casual,Dresses,
Dress pants,Turquoise,Denim,0,Formal,Bottoms,
Crop top,Gold,Denim,0,Casual,Tops,
Ribbed sweater,Blue/White,Cotton,0,Casual,Tops,
Peplum top,Floral Multicolor,Polyester,0,Casual,Tops,
Button-down shirt,Tie-Dye Multicolor,Fleece,0,Casual,Tops,
Sports bra,Red,Fleece,0,Athletic,Activewear,
Knit dress,Black,Spandex,0,Casual,Dresses,
Trousers,Nude,Silk,0,Casual,Bottoms,
Striped sweater,Chocolate,Cotton,0,Casual,Tops,
Sundress,Brown,Cotton,0,Casual,Dresses,
Sweatshirt,Camouflage Green,Nylon,0,Outerwear,Jackets,
Oversized hoodie,Gray,Fleece,0,Outerwear,Jackets,
Winter puffer,Ivory,Spandex,0,Outerwear,Jackets,
Midi dress,Green,Cotton,0,Casual,Dresses,
High waist pants,Brown,Fleece,0,Casual,Bottoms,
Trousers,Sky Blue,Nylon,0,Casual,Bottoms,
Crew neck tee,Ivory,Wool,0,Casual,Tops,
Sweatshirt,Plum,Leather,0,Outerwear,Jackets,
One-piece swimsuit,Striped Black/White,Leather,0,Athletic,Activewear,
Chunky knit sweater,Coral,Denim,0,Casual,Tops,
Blouse,Blue/White,Cotton,0,Casual,Tops,
Skirt,Rust,Polyester,0,Casual,Bottoms,
Tuxedo jacket,Rust,Polyester,0,Formal,Jackets,
Wrap skirt,Aqua,Polyester,0,Casual,Bottoms,
Skater dress,Checkered Black/White,Leather,0,Casual,Dresses,
Wide leg pants,Cream,Fleece,0,Casual,Bottoms,
Bike shorts,Mauve,Polyester,0,Casual,Activewear,
Cashmere sweater,Lilac,Wool,0,Casual,Tops,
Mock neck top,Blush,Leather,0,Casual,Tops,
Floral dress,Red/White,Cotton,0,Casual,Dresses,
Leggings,Coral,Fleece,0,Athletic,Bottoms,
Lounge pants,Floral Multicolor,Wool,0,Loungewear,Bottoms,
Evening gown,Leopard Print,Wool,0,Formal,Dresses,
Cocktail dress,Chocolate,Linen,0,Formal,Dresses,
Bodysuit,Navy/White,Fleece,0,Casual,Dresses,
Sweatshirt,Teal,Wool,0,Outerwear,Jackets,
Moisture-wicking shirt,Chocolate,Linen,0,Athletic,Activewear,
Colorblock sweater,Teal,Cotton,0,Casual,Tops,
Overalls,Black/White,Spandex,0,Casual,Dresses,
Loungewear set,Red/White,Leather,0,Loungewear,Tops,
Overalls,Ivory,Denim,0,Casual,Dresses,
Crew neck sweater,Navy/White,Wool,0,Casual,Tops,
Ribbed sweater,Tan,Nylon,0,Casual,Tops,
Pajama pants,Salmon,Cotton,0,Loungewear,Bottoms,
Leather jacket,Burgundy,Cotton,0,Outerwear,Jackets,
Fitted tee,Red/White,Cotton,0,Casual,Tops,
Cowl neck top,Brown,Spandex,0,Casual,Tops,
One-piece swimsuit,Pink,Linen,0,Athletic,Activewear,
Bodycon dress,Cream,Cotton,0,Casual,Dresses,
Pajama shorts,Black/Gray,Silk,0,Loungewear,Bottoms,
Midi dress,Red/White,Nylon,0,Casual,Dresses,
Softshell jacket,Denim Blue,Cotton,0,Athletic,Jackets,
Maxi dress,Rose,Denim,0,Casual,Dresses,
Merino sweater,Sage,Nylon,0,Casual,Tops,
Sleeveless blouse,Charcoal,Nylon,0,Casual,Tops,
Overcoat,Leopard Print,Spandex,0,Outerwear,Jackets,
Anorak,Royal Blue,Wool,0,Athletic,Jackets,
Bikini top,Olive,Leather,0,Casual,Activewear,
Distressed jeans,Mint,Cotton,0,Casual,Bottoms,
Bootcut jeans,Royal Blue,Denim,0,Casual,Bottoms,
Wrap blouse,Black/Gray,Silk,0,Casual,Tops,
Thermal pajamas,Red/White,Spandex,0,Loungewear,Tops,
Dress vest,Purple,Cotton,0,Formal,Jackets,
Sleep shorts,Brown,Nylon,0,Loungewear,Bottoms,
Bermuda shorts,Turquoise,Linen,0,Casual,Bottoms,
Thermal pajamas,Wine,Cotton,0,Loungewear,Tops,
Denim jacket,Yellow,Denim,0,Outerwear,Jackets,
Bootcut jeans,Denim Blue,Linen,0,Casual,Bottoms,
Tuxedo jacket,Floral Multicolor,Cotton,0,Formal,Jackets,
Sundress,Color Block Navy/White,Leather,0,Casual,Dresses,
Wide leg jumpsuit,Color Block Navy/White,Denim,0,Casual,Dresses,
Sweater,Navy,Cotton,0,Casual,Tops,
A-line skirt,Rose,Leather,0,Casual,Bottoms,
Windbreaker,Peach,Polyester,0,Athletic,Jackets,
Rain jacket,Caramel,Denim,0,Outerwear,Jackets,
Pencil skirt,Caramel,Leather,0,Formal,Bottoms,
Wide leg jumpsuit,Leopard Print,Leather,0,Casual,Dresses,
Cowl neck top,Color Block Navy/White,Denim,0,Casual,Tops,
Track jacket,Light Blue,Nylon,0,Athletic,Jackets,
Blazer,Tan,Denim,0,Formal,Jackets,
Faux leather jacket,Crimson,Fleece,0,Outerwear,Jackets,
Zip-up top,Burgundy,Cotton,0,Casual,Tops,
Sleep shorts,Yellow,Silk,0,Loungewear,Bottoms,
Faux leather jacket,Mint,Nylon,0,Outerwear,Jackets,
Wide leg pants,Rust,Wool,0,Casual,Bottoms,
Cowl neck top,Turquoise,Polyester,0,Casual,Tops,
Henley,Camouflage Green,Polyester,0,Casual,Tops,
Varsity jacket,Crimson,Polyester,0,Outerwear,Jackets,
Pullover sweater,Plum,Polyester,0,Casual,Tops,
Oxford shirt,Chocolate,Polyester,0,Formal,Tops,
Oversized sweater,Olive,Wool,0,Casual,Tops,
Track jacket,Nude,Cotton,0,Athletic,Jackets,
Overcoat,Checkered Black/White,Fleece,0,Outerwear,Jackets,
Oversized sweater,Turquoise,Leather,0,Casual,Tops,
Linen pants,Salmon,Fleece,0,Casual,Bottoms,
Linen jumpsuit,Caramel,Polyester,0,Casual,Dresses,
Workout top,Red/White,Nylon,0,Athletic,Activewear,
Raincoat,Striped Black/White,Denim,0,Outerwear,Jackets,
Thermal leggings,Red,Denim,0,Athletic,Activewear,
Sports bra,Purple,Linen,0,Athletic,Activewear,
Floral dress,Light Blue,Wool,0,Casual,Dresses,
Leather jacket,Color Block Black/Red,Spandex,0,Outerwear,Jackets,
Pencil skirt,Gold,Leather,0,Formal,Bottoms,
Mock neck top,Forest Green,Leather,0,Casual,Tops,
Palazzo pants,Red,Spandex,0,Casual,Bottoms,
Crop top,Teal,Leather,0,Casual,Tops,
Crew neck sweater,Nude,Polyester,0,Casual,Tops,
Workout top,Lavender,Leather,0,Athletic,Activewear,
Boyfriend jeans,Burgundy,Fleece,0,Casual,Bottoms,
Leather jacket,Striped Black/White,Fleece,0,Outerwear,Jackets,
Maxi skirt,Floral Multicolor,Cotton,0,Casual,Bottoms,
Henley,Rose,Nylon,0,Casual,Tops,
Athletic romper,Gold,Silk,0,Athletic,Activewear,
Field jacket,Mauve,Polyester,0,Athletic,Jackets,
Crop top,Mint,Fleece,0,Casual,Tops,
Cardigan,Striped Navy/White,Fleece,0,Outerwear,Jackets,
Zip-up hoodie,White,Spandex,0,Outerwear,Jackets,
Sweater dress,Denim Blue,Wool,0,Casual,Dresses,
Yoga shorts,Pink,Linen,0,Athletic,Activewear,
Maxi dress,Ivory,Leather,0,Casual,Dresses,
Tube top,Color Block Black/Red,Wool,0,Casual,Tops,
Sundress,Color Block Navy/White,Fleece,0,Casual,Dresses,
Wrap blouse,Fuchsia,Wool,0,Casual,Tops,
Bib overalls,Color Block Navy/White,Wool,0,Casual,Dresses,
Turtleneck sweater,Royal Blue,Denim,0,Casual,Tops,
Raglan shirt,Rose,Nylon,0,Casual,Tops,
Tuxedo pants,Plum,Nylon,0,Formal,Bottoms,
Gym tank,Red,Nylon,0,Athletic,Activewear,
Longline cardigan,Tie-Dye Multicolor,Leather,0,Outerwear,Jackets,
Blazer,Ivory,Polyester,0,Formal,Jackets,
Linen shirt,Denim Blue,Wool,0,Casual,Tops,
Cocktail dress,Striped Navy/White,Nylon,0,Formal,Dresses,
Linen jumpsuit,Crimson,Cotton,0,Casual,Dresses,
Oversized tee,Lavender,Leather,0,Casual,Tops,
Sports bra top,Rose,Silk,0,Athletic,Activewear,
Varsity jacket,Plum,Nylon,0,Outerwear,Jackets,
Denim jacket,Houndstooth Black/White,Linen,0,Outerwear,Jackets,
Sleep shorts,Turquoise,Leather,0,Loungewear,Bottoms,
Formal skirt,Gray,Polyester,0,Formal,Bottoms,
Floral skirt,Cobalt,Spandex,0,Casual,Bottoms,
Field jacket,Aqua,Cotton,0,Athletic,Jackets,
Cardigan,Striped Navy/White,Wool,0,Outerwear,Jackets,
Cashmere sweater,Mustard,Polyester,0,Casual,Tops,
Field jacket,Plaid Red/Black,Spandex,0,Athletic,Jackets,
Windbreaker,Hot Pink,Linen,0,Athletic,Jackets,
Pajama set,Lime,Cotton,0,Loungewear,Tops,
Softshell jacket,Cobalt,Spandex,0,Athletic,Jackets,
Button-down shirt,Red/White,Nylon,0,Casual,Tops,
Casual dress,Crimson,Linen,0,Casual,Dresses,
Loungewear set,Burnt Orange,Cotton,0,Loungewear,Tops,
Blazer,Striped Navy/White,Polyester,0,Formal,Jackets,
Fleece robe,Denim Blue,Nylon,0,Loungewear,Jackets,
Cropped jeans,Color Block Black/Red,Linen,0,Casual,Bottoms,
Colorblock sweater,Plaid Red/Black,Cotton,0,Casual,Tops,
Wrap dress,Purple,Silk,0,Casual,Dresses,
Athletic romper,Houndstooth Black/White,Polyester,0,Athletic,Activewear,
Sweatshirt,Mauve,Wool,0,Outerwear,Jackets,
Sweater,Plaid Red/Black,Denim,0,Casual,Tops,
Palazzo pants,Sage,Nylon,0,Casual,Bottoms,
Track pants,Turquoise,Fleece,0,Athletic,Bottoms,
Fleece robe,Burnt Orange,Wool,0,Loungewear,Jackets,
Pencil skirt,Plaid Red/Black,Nylon,0,Formal,Bottoms,
Anorak,Sage,Fleece,0,Athletic,Jackets,
Mock neck top,Checkered Black/White,Fleece,0,Casual,Tops,
Skater dress,Violet,Linen,0,Casual,Dresses,
Bermuda shorts,Ivory,Fleece,0,Casual,Bottoms,
Thermal pajamas,Chocolate,Leather,0,Loungewear,Tops,
Romper,Green,Leather,0,Casual,Dresses,
Distressed jeans,Rust,Polyester,0,Casual,Bottoms,
Cargo shorts,Color Block Black/Red,Wool,0,Casual,Bottoms,
Oversized tee,Sky Blue,Cotton,0,Casual,Tops,
Linen pants,Beige,Cotton,0,Casual,Bottoms,
Track pants,Mustard,Polyester,0,Athletic,Bottoms,
Compression shirt,Peach,Polyester,0,Athletic,Activewear,
Sports bra,Striped Navy/White,Spandex,0,Athletic,Activewear,
Pajama set,Denim Blue,Cotton,0,Loungewear,Tops,
Crewneck sweatshirt,Burgundy,Silk,0,Outerwear,Jackets,
Cashmere sweater,Striped Navy/White,Leather,0,Casual,Tops,
Merino sweater,Rust,Fleece,0,Casual,Tops,
Pleated skirt,Mint,Polyester,0,Casual,Bottoms,
Track jacket,Navy,Silk,0,Athletic,Jackets,
Fleece vest,Cream,Wool,0,Casual,Jackets,
Summer dress,Wine,Cotton,0,Casual,Dresses,
Skater dress,Floral Multicolor,Polyester,0,Casual,Dresses,
Moisture-wicking tee,Teal,Cotton,0,Athletic,Activewear,
Graphic tee,Turquoise,Spandex,0,Casual,Tops,
Yoga pants,Mint,Leather,0,Athletic,Activewear,
Oversized sweater,Checkered Black/White,Cotton,0,Casual,Tops,
Peacoat,Denim Blue,Spandex,0,Outerwear,Jackets,
Wide leg jumpsuit,Forest Green,Fleece,0,Casual,Dresses,
Dress vest,Cobalt,Spandex,0,Formal,Jackets,
Sports bra top,Blue/White,Wool,0,Athletic,Activewear,
Sports bra,Coral,Cotton,0,Athletic,Activewear,
Athletic dress,Plum,Fleece,0,Athletic,Activewear,
Ski jacket,Orange,Wool,0,Athletic,Jackets,
Sweater,Salmon,Nylon,0,Casual,Tops,
Leather jacket,Lavender,Spandex,0,Outerwear,Jackets,
Floral dress,Blue,Nylon,0,Casual,Dresses,
Oversized tee,Plaid Red/Black,Fleece,0,Casual,Tops,
Palazzo pants,Black,Wool,0,Casual,Bottoms,
Bodycon dress,Gold,Leather,0,Casual,Dresses,
Training shorts,Forest Green,Linen,0,Athletic,Activewear,
Midi skirt,White,Wool,0,Casual,Bottoms,
Cashmere sweater,Pink,Denim,0,Casual,Tops,
Camisole,Royal Blue,Leather,0,Casual,Tops,
Maxi skirt,Burgundy,Linen,0,Casual,Bottoms,
Sleep shirt,Camouflage Green,Spandex,0,Loungewear,Tops,
Loungewear set,Royal Blue,Fleece,0,Loungewear,Tops,
Mini dress,Yellow,Silk,0,Casual,Dresses,
Crew neck tee,Plaid Red/Black,Cotton,0,Casual,Tops,
Linen jumpsuit,Blush,Cotton,0,Casual,Dresses,
Robe,Color Block Navy/White,Leather,0,Loungewear,Jackets,
Gym tank,Houndstooth Black/White,Silk,0,Athletic,Activewear,
Performance jacket,Lime,Nylon,0,Athletic,Activewear,
Windbreaker,Black/Gray,Cotton,0,Athletic,Jackets,
Fleece robe,Pink,Nylon,0,Loungewear,Jackets,
Parka,Cobalt,Polyester,0,Outerwear,Jackets,
Crewneck sweatshirt,Camouflage Green,Spandex,0,Outerwear,Jackets,
Softshell jacket,Houndstooth Black/White,Cotton,0,Athletic,Jackets,
Zip-up top,Lavender,Nylon,0,Casual,Tops,
Romper,Cobalt,Silk,0,Casual,Dresses,
Sports bra,Plaid Blue/Green,Spandex,0,Athletic,Activewear,
Denim jacket,Black/Gray,Polyester,0,Outerwear,Jackets,
Linen jumpsuit,Light Blue,Cotton,0,Casual,Dresses,
Summer dress,Blue/White,Polyester,0,Casual,Dresses,
Anorak,Striped Black/White,Denim,0,Athletic,Jackets,
Running tights,Gray,Nylon,0,Athletic,Activewear,
Pleated pants,Black,Silk,0,Casual,Bottoms,
Utility jacket,Caramel,Polyester,0,Outerwear,Jackets,
Linen dress,Violet,Cotton,0,Casual,Dresses,
Pullover hoodie,Tan,Cotton,0,Outerwear,Jackets,
Winter puffer,Cream,Fleece,0,Outerwear,Jackets,
Formal gown,Coral,Denim,0,Formal,Dresses,
Track jacket,Nude,Nylon,0,Athletic,Jackets,
Shirt dress,Black/Gray,Cotton,0,Casual,Dresses,
Wrap dress,Chocolate,Nylon,0,Casual,Dresses,
Crew neck tee,Violet,Denim,0,Casual,Tops,
Straight leg jeans,Houndstooth Black/White,Denim,0,Casual,Bottoms,
Fleece jacket,Light Blue,Silk,0,Outerwear,Jackets,
T-shirt,Gray,Leather,0,Casual,Tops,
Floral jumpsuit,Checkered Black/White,Denim,0,Casual,Dresses,
Fleece vest,Hot Pink,Silk,0,Casual,Jackets,
Palazzo pants,Blue/White,Denim,0,Casual,Bottoms,
Striped tee,Sage,Wool,0,Casual,Tops,
Running tights,Cobalt,Cotton,0,Athletic,Activewear,
Dress vest,Nude,Cotton,0,Formal,Jackets,
Trousers,Burnt Orange,Cotton,0,Casual,Bottoms,
Compression shirt,Cream,Leather,0,Athletic,Activewear,
Open front cardigan,Beige,Fleece,0,Outerwear,Jackets,
Tennis skirt,Ivory,Silk,0,Athletic,Bottoms,
Jumpsuit,Mustard,Nylon,0,Casual,Dresses,
Joggers,Tan,Denim,0,Athletic,Bottoms,
Blazer,Teal,Silk,0,Formal,Jackets,
Formal skirt,Purple,Wool,0,Formal,Bottoms,
Dress pants,Turquoise,Linen,0,Formal,Bottoms,
Colorblock sweater,Leopard Print,Silk,0,Casual,Tops,
Party dress,Turquoise,Wool,0,Casual,Dresses,
Camisole,Color Block Black/Red,Cotton,0,Casual,Tops,
Cable knit sweater,Black/White,Fleece,0,Casual,Tops,
Crop top,Violet,Linen,0,Casual,Tops,
Suit pants,Zebra Print,Nylon,0,Formal,Bottoms,
Lounge shorts,Nude,Spandex,0,Loungewear,Bottoms,
Pocket tee,Turquoise,Linen,0,Casual,Tops,
Mom jeans,Houndstooth Black/White,Leather,0,Casual,Bottoms,
Trousers,Yellow,Linen,0,Casual,Bottoms,
Sleep shorts,Red,Leather,0,Loungewear,Bottoms,
Halter top,Color Block Black/Red,Linen,0,Casual,Tops,
Summer dress,Color Block Black/Red,Cotton,0,Casual,Dresses,
Crew neck tee,Fuchsia,Cotton,0,Casual,Tops,
Pleated pants,Burnt Orange,Silk,0,Casual,Bottoms,
Fitted sweater,Chocolate,Leather,0,Casual,Tops,
Mini dress,Navy,Polyester,0,Casual,Dresses,
Running tights,Orange,Polyester,0,Athletic,Activewear,
Athletic shorts,Hot Pink,Polyester,0,Athletic,Activewear,
Wrap blouse,Orange,Silk,0,Casual,Tops,
Puffer vest,Burnt Orange,Denim,0,Outerwear,Jackets,
Midi skirt,White,Silk,0,Casual,Bottoms,
Boyfriend jeans,Royal Blue,Leather,0,Casual,Bottoms,
Linen pants,Burnt Orange,Spandex,0,Casual,Bottoms,
Trousers,Color Block Navy/White,Polyester,0,Casual,Bottoms,
Bikini top,Mint,Leather,0,Casual,Activewear,
Wide leg jumpsuit,Houndstooth Black/White,Nylon,0,Casual,Dresses,
Maxi skirt,Olive,Cotton,0,Casual,Bottoms,
Leather jacket,Floral Multicolor,Leather,0,Outerwear,Jackets,
Compression shirt,Striped Navy/White,Denim,0,Athletic,Activewear,
Flared jeans,Blush,Silk,0,Casual,Bottoms,
Party dress,Ivory,Silk,0,Casual,Dresses,
Tennis skirt,Red,Cotton,0,Athletic,Bottoms,
Shorts,Color Block Navy/White,Silk,0,Casual,Bottoms,
Skirt,Crimson,Leather,0,Casual,Bottoms,
Floral skirt,Mustard,Polyester,0,Casual,Bottoms,
Ski jacket,Lime,Fleece,0,Athletic,Jackets,
Crewneck sweatshirt,Plum,Wool,0,Outerwear,Jackets,
Performance jacket,Plaid Blue/Green,Nylon,0,Athletic,Activewear,
Athletic romper,Maroon,Leather,0,Athletic,Activewear,
Jeans,Denim Blue,Nylon,0,Casual,Bottoms,
Wool coat,Coral,Nylon,0,Outerwear,Jackets,
Oversized sweater,Tan,Cotton,0,Casual,Tops,
Chambray shirt,Caramel,Polyester,0,Casual,Tops,
Performance jacket,Black,Silk,0,Athletic,Activewear,
Oversized tee,Mustard,Cotton,0,Casual,Tops,
Sleep shorts,Crimson,Cotton,0,Loungewear,Bottoms,
Joggers,Camouflage Green,Leather,0,Athletic,Bottoms,
Midi dress,Tan,Leather,0,Casual,Dresses,
Pullover sweater,Plaid Blue/Green,Cotton,0,Casual,Tops,
Tee,Houndstooth Black/White,Cotton,0,Casual,Tops,
Polo shirt,Gray,Cotton,0,Casual,Tops,
Compression shorts,Sage,Polyester,0,Athletic,Activewear,
Bike shorts,Gray,Polyester,0,Casual,Activewear,
Formal skirt,Navy/White,Polyester,0,Formal,Bottoms,
Off-shoulder top,Blue,Cotton,0,Casual,Tops,
Pocket tee,Gold,Denim,0,Casual,Tops,
V-neck sweater,Zebra Print,Wool,0,Casual,Tops,
Formal skirt,Mauve,Wool,0,Formal,Bottoms,
Tuxedo pants,Rose,Nylon,0,Formal,Bottoms,
Midi dress,Salmon,Leather,0,Casual,Dresses,
Parka,Lime,Silk,0,Outerwear,Jackets,
Mini skirt,Chocolate,Cotton,0,Casual,Bottoms,
Henley,Salmon,Nylon,0,Casual,Tops,
Wrap dress,Color Block Navy/White,Leather,0,Casual,Dresses,
Halter top,White,Spandex,0,Casual,Tops,
Long sleeve,Floral Multicolor,Wool,0,Casual,Tops,
Fitted sweater,Lilac,Spandex,0,Casual,Tops,
Fleece jacket,Ivory,Silk,0,Outerwear,Jackets,
Distressed jeans,Striped Navy/White,Wool,0,Casual,Bottoms,
Athletic tank,Caramel,Wool,0,Athletic,Activewear,
Sweatshirt,Cream,Silk,0,Outerwear,Jackets,
Wrap skirt,Gray,Cotton,0,Casual,Bottoms,
Military jacket,Red,Spandex,0,Outerwear,Jackets,
Peasant blouse,Turquoise,Linen,0,Casual,Tops,
Parka,Gold,Cotton,0,Outerwear,Jackets,
Pajama shorts,Checkered Black/White,Polyester,0,Loungewear,Bottoms,
Bodycon dress,Denim Blue,Nylon,0,Casual,Dresses,
Blazer,Violet,Polyester,0,Formal,Jackets,
Compression shirt,Navy/White,Silk,0,Athletic,Activewear,
Peasant blouse,Plum,Nylon,0,Casual,Tops,
Bikini top,Lavender,Cotton,0,Casual,Activewear,
Fair Isle sweater,Forest Green,Leather,0,Casual,Tops,
Wool coat,Mustard,Nylon,0,Outerwear,Jackets,
Oversized hoodie,Hot Pink,Denim,0,Outerwear,Jackets,
Mom jeans,Hot Pink,Nylon,0,Casual,Bottoms,
Swim trunks,Teal,Cotton,0,Athletic,Activewear,
Thermal pajamas,Caramel,Nylon,0,Loungewear,Tops,
Athletic shorts,Crimson,Denim,0,Athletic,Activewear,
Thermal pajamas,Crimson,Nylon,0,Loungewear,Tops,
Pencil skirt,Pink,Spandex,0,Formal,Bottoms,
Henley,Black,Spandex,0,Casual,Tops,
Romper,Pink,Wool,0,Casual,Dresses,
Moisture-wicking shirt,Light Blue,Spandex,0,Athletic,Activewear,
Mom jeans,Navy/White,Leather,0,Casual,Bottoms,
Cropped hoodie,Color Block Black/Red,Silk,0,Outerwear,Jackets,
Formal gown,Sky Blue,Cotton,0,Formal,Dresses,
Thermal long sleeve,Mauve,Spandex,0,Casual,Tops,
Cardigan,Lavender,Nylon,0,Outerwear,Jackets,
Polo shirt,Teal,Cotton,0,Casual,Tops,
A-line dress,Chocolate,Cotton,0,Casual,Dresses,
Softshell jacket,Leopard Print,Leather,0,Athletic,Jackets,
Sleep shirt,Hot Pink,Silk,0,Loungewear,Tops,
Oversized tee,Forest Green,Fleece,0,Casual,Tops,
Athletic shorts,Floral Multicolor,Linen,0,Athletic,Activewear,
Blouse,Maroon,Wool,0,Casual,Tops,
Chino shorts,Nude,Nylon,0,Casual,Bottoms,
Raincoat,Caramel,Spandex,0,Outerwear,Jackets,
Wide leg pants,Lime,Fleece,0,Casual,Bottoms,
Cardigan,Rust,Leather,0,Outerwear,Jackets,
Off-shoulder top,Denim Blue,Polyester,0,Casual,Tops,
Tee,Rose,Linen,0,Casual,Tops,
V-neck sweater,Hot Pink,Silk,0,Casual,Tops,
Jumpsuit,Lilac,Nylon,0,Casual,Dresses,
Formal skirt,Denim Blue,Fleece,0,Formal,Bottoms,
Pleated skirt,Rust,Leather,0,Casual,Bottoms,
Wrap skirt,Wine,Spandex,0,Casual,Bottoms,
Pencil skirt,Teal,Wool,0,Formal,Bottoms,
Rain jacket,Lime,Linen,0,Outerwear,Jackets,
Wrap dress,Sage,Leather,0,Casual,Dresses,
Maxi dress,Cobalt,Nylon,0,Casual,Dresses,
Varsity jacket,Checkered Black/White,Polyester,0,Outerwear,Jackets,
Pajama set,Color Block Navy/White,Cotton,0,Loungewear,Tops,
Yoga shorts,Striped Black/White,Spandex,0,Athletic,Activewear,
Jumpsuit,Teal,Cotton,0,Casual,Dresses,
Prom dress,Peach,Fleece,0,Formal,Dresses,
Oversized tee,Turquoise,Fleece,0,Casual,Tops,
Wide leg pants,Crimson,Polyester,0,Casual,Bottoms,
Tuxedo jacket,Hot Pink,Nylon,0,Formal,Jackets,
Overalls,Plaid Red/Black,Wool,0,Casual,Dresses,
Fleece vest,Camouflage Green,Silk,0,Casual,Jackets,
Sweatshirt,Cream,Spandex,0,Outerwear,Jackets,
Robe,Houndstooth Black/White,Nylon,0,Loungewear,Jackets,
Off-shoulder top,Lime,Polyester,0,Casual,Tops,
Zip-up top,Ivory,Nylon,0,Casual,Tops,
Training shorts,Lilac,Nylon,0,Athletic,Activewear,
Off-shoulder top,White,Spandex,0,Casual,Tops,
Shorts,Yellow,Fleece,0,Casual,Bottoms,
Moisture-wicking tee,Leopard Print,Silk,0,Athletic,Activewear,
Overalls,Blush,Polyester,0,Casual,Dresses,
Floral jumpsuit,Camouflage Green,Cotton,0,Casual,Dresses,
Compression leggings,Charcoal,Leather,0,Athletic,Activewear,
Moisture-wicking shirt,Teal,Nylon,0,Athletic,Activewear,
Long sleeve,Cobalt,Linen,0,Casual,Tops,
Capri pants,Aqua,Denim,0,Casual,Bottoms,
Linen jumpsuit,Burnt Orange,Nylon,0,Casual,Dresses,
Raincoat,Violet,Leather,0,Outerwear,Jackets,
Raglan shirt,Red/White,Leather,0,Casual,Tops,
Pencil skirt,Brown,Nylon,0,Formal,Bottoms,
Athletic tank,Cobalt,Cotton,0,Athletic,Activewear,
Thermal leggings,Sky Blue,Leather,0,Athletic,Activewear,
Tennis skirt,Lime,Nylon,0,Athletic,Bottoms,
Skinny jeans,Color Block Navy/White,Linen,0,Casual,Bottoms,
Floral skirt,Color Block Black/Red,Leather,0,Casual,Bottoms,
Floral jumpsuit,Mustard,Leather,0,Casual,Dresses,
Chunky knit sweater,Coral,Wool,0,Casual,Tops,
Ribbed sweater,Navy/White,Polyester,0,Casual,Tops,
Oxford shirt,Rust,Leather,0,Formal,Tops,
Varsity jacket,Black/White,Polyester,0,Outerwear,Jackets,