Clothing,Color,Fabric/Texture,wearCount,Style,Type,Temperature,* 20 initial entries were inputted by team
tank,Black,Nylon,0,Athletic,Activewear,hot,* Other 980 entries were generated utilizing Claude LLM: Asked for sorted clothing pieces w/ 10 types of Fabric/Texture and no limits on Color/Clothing 
shorts,Cream,Cotton,0,Athletic,Activewear,hot,
Dress shirt,Blue/White,Polyester,0,Formal,Tops,warm,
Jeans,Blue,Denim,0,Casual,Bottoms,warm,
Dress pants,Green,Cotton,0,Formal,Bottoms,warm,
Winter puffer,Green,Nylon,0,Outerwear,Jackets,cold,
Tee,Black,Cotton,0,Casual,Tops,hot,
Tee,Gray,Cotton,0,Casual,Tops,hot,
Pajama shorts,Gray,Cotton,0,Loungewear,Bottoms,hot,
Pajama shirt,Blue,Cotton,0,Loungewear,Tops,warm,
Sparkly top,Black,Polyester,0,Casual,Tops,hot,
Long sleeve,Burgundy,Cotton,0,Casual,Tops,warm,
Sweatshirt,Black/White,Polyester,0,Outerwear,Jackets,cold,
Short sleeve,Cream,Silk,0,Casual,Tops,hot,
Long sleeve,Black,Silk,0,Casual,Tops,warm,
Low rise jeans,Black,Denim,0,Casual,Bottoms,cold,
Shorts,Black,Denim,0,Casual,Bottoms,hot,
Ribbed sweater,Cobalt,Cotton,0,Casual,Tops,cold,
Tennis skirt,Sage,Polyester,0,Athletic,Bottoms,hot,
Track pants,Denim Blue,Spandex,0,Athletic,Bottoms,cold,
Pajama shorts,Checkered Black/White,Spandex,0,Loungewear,Bottoms,hot,
Varsity jacket,Black/White,Cotton,0,Outerwear,Jackets,cold,
Oxford shirt,Navy,Silk,0,Formal,Tops,warm,
Chinos,Camouflage Green,Cotton,0,Casual,Bottoms,warm,
Anorak,Rust,Nylon,0,Athletic,Jackets,cold,
Casual dress,Yellow,Leather,0,Casual,Dresses,warm,
Military jacket,Sage,Cotton,0,Outerwear,Jackets,cold,
Racerback tank,Burgundy,Spandex,0,Athletic,Activewear,hot,
Thermal leggings,Sage,Cotton,0,Athletic,Activewear,cold,
Joggers,Plum,Spandex,0,Athletic,Bottoms,warm,
Henley,Hot Pink,Spandex,0,Casual,Tops,hot,
High waist pants,Violet,Wool,0,Casual,Bottoms,cold,
Formal blouse,Ivory,Leather,0,Formal,Tops,cold,
Zip-up hoodie,Royal Blue,Nylon,0,Outerwear,Jackets,cold,
Bodysuit,Color Block Navy/White,Fleece,0,Casual,Dresses,cold,
Cable knit sweater,Pink,Polyester,0,Casual,Tops,cold,
Fleece robe,Brown,Polyester,0,Loungewear,Jackets,cold,
Colorblock sweater,Mustard,Fleece,0,Casual,Tops,cold,
Bodysuit,Mustard,Spandex,0,Casual,Dresses,warm,
Shirt dress,Sage,Leather,0,Casual,Dresses,cold,
Fair Isle sweater,Pink,Linen,0,Casual,Tops,cold,
Mini dress,Mauve,Polyester,0,Casual,Dresses,warm,
Pajama pants,Forest Green,Nylon,0,Loungewear,Bottoms,warm,
Cropped cardigan,Maroon,Polyester,0,Outerwear,Jackets,warm,
Yoga shorts,Lime,Linen,0,Athletic,Activewear,hot,
Floral jumpsuit,Hot Pink,Wool,0,Casual,Dresses,cold,
Ribbed sweater,Color Block Black/Red,Silk,0,Casual,Tops,cold,
Sleep shirt,Lavender,Polyester,0,Loungewear,Tops,hot,
Cargo pants,Cream,Nylon,0,Casual,Bottoms,warm,
Floral dress,Forest Green,Cotton,0,Casual,Dresses,warm,
Distressed jeans,Purple,Silk,0,Casual,Bottoms,warm,
Cashmere sweater,Floral Multicolor,Wool,0,Casual,Tops,cold,
Oversized sweater,Blue/White,Linen,0,Casual,Tops,cold,
Denim shorts,Denim Blue,Denim,0,Casual,Bottoms,hot,
Running shirt,Color Block Black/Red,Polyester,0,Athletic,Activewear,hot,
Denim shorts,Black/White,Silk,0,Casual,Bottoms,hot,
Sundress,Yellow,Denim,0,Casual,Dresses,warm,
Denim jacket,Floral Multicolor,Spandex,0,Outerwear,Jackets,cold,
Gym tank,Beige,Denim,0,Athletic,Activewear,hot,
Striped tee,Burgundy,Leather,0,Casual,Tops,hot,
Cardigan,Brown,Leather,0,Outerwear,Jackets,cold,
Shirt dress,Striped Black/White,Cotton,0,Casual,Dresses,warm,
Wide leg pants,Color Block Navy/White,Cotton,0,Casual,Bottoms,warm,
Pajama set,Cobalt,Polyester,0,Loungewear,Tops,warm,
Training shorts,Forest Green,Wool,0,Athletic,Activewear,hot,
Peplum top,Teal,Spandex,0,Casual,Tops,warm,
Workout top,Blue/White,Cotton,0,Athletic,Activewear,hot,
Compression shorts,Olive,Fleece,0,Athletic,Activewear,hot,
Performance jacket,Wine,Polyester,0,Athletic,Activewear,cold,
Off-shoulder top,Turquoise,Silk,0,Casual,Tops,cold,
Cropped cardigan,Rust,Cotton,0,Outerwear,Jackets,cold,
Midi dress,Burgundy,Nylon,0,Casual,Dresses,warm,
One-piece swimsuit,Zebra Print,Cotton,0,Athletic,Activewear,hot,
Open front cardigan,Lavender,Spandex,0,Outerwear,Jackets,cold,
Button-down shirt,Cobalt,Spandex,0,Casual,Tops,warm,
Formal blouse,Aqua,Polyester,0,Formal,Tops,cold,
Halter top,Gold,Nylon,0,Casual,Tops,hot,
Long sleeve,Plaid Blue/Green,Cotton,0,Casual,Tops,warm,
Racerback tank,Houndstooth Black/White,Denim,0,Athletic,Activewear,hot,
Cowl neck top,Striped Navy/White,Linen,0,Casual,Tops,warm,
Denim shorts,Zebra Print,Silk,0,Casual,Bottoms,hot,
Distressed jeans,Checkered Black/White,Polyester,0,Casual,Bottoms,cold,
Thermal pajamas,Aqua,Nylon,0,Loungewear,Tops,cold,
Pajama pants,Blush,Fleece,0,Loungewear,Bottoms,cold,
Faux leather jacket,Black/Gray,Denim,0,Outerwear,Jackets,cold,
Palazzo pants,Yellow,Cotton,0,Casual,Bottoms,warm,
Leggings,Gray,Silk,0,Athletic,Bottoms,cold,
Military jacket,Yellow,Cotton,0,Outerwear,Jackets,cold,
Wrap blouse,Tan,Silk,0,Casual,Tops,warm,
Ruffle blouse,Cream,Nylon,0,Casual,Tops,warm,
Wrap blouse,Tie-Dye Multicolor,Spandex,0,Casual,Tops,warm,
Board shorts,Plaid Blue/Green,Silk,0,Athletic,Activewear,hot,
Pullover hoodie,Light Blue,Leather,0,Outerwear,Jackets,cold,
Linen pants,Striped Navy/White,Linen,0,Casual,Bottoms,warm,
Boyfriend jeans,Blue,Spandex,0,Casual,Bottoms,cold,
Pullover sweater,Navy/White,Wool,0,Casual,Tops,cold,
Linen dress,Peach,Leather,0,Casual,Dresses,cold,
Yoga shorts,Beige,Spandex,0,Athletic,Activewear,hot,
Camisole,Salmon,Leather,0,Casual,Tops,hot,
Evening gown,Sky Blue,Wool,0,Formal,Dresses,cold,
Low rise jeans,Orange,Polyester,0,Casual,Bottoms,cold,
Overalls,Denim Blue,Fleece,0,Casual,Dresses,cold,
Wide leg jeans,Sage,Leather,0,Casual,Bottoms,cold,
Palazzo pants,Caramel,Linen,0,Casual,Bottoms,warm,
Formal blouse,Color Block Navy/White,Spandex,0,Formal,Tops,cold,
Crop top,Checkered Black/White,Cotton,0,Casual,Tops,hot,
Henley,Gold,Silk,0,Casual,Tops,warm,
Formal gown,Plaid Blue/Green,Leather,0,Formal,Dresses,cold,
Distressed jeans,Salmon,Polyester,0,Casual,Bottoms,hot,
Zip-up top,Hot Pink,Cotton,0,Casual,Tops,cold,
A-line dress,Olive,Leather,0,Casual,Dresses,warm,
Bike shorts,Black/White,Cotton,0,Casual,Activewear,hot,
Striped tee,Orange,Fleece,0,Casual,Tops,hot,
Joggers,Tan,Nylon,0,Athletic,Bottoms,cold,
Camisole,Purple,Polyester,0,Casual,Tops,warm,
Crop top,Plaid Red/Black,Denim,0,Casual,Tops,hot,
Fleece jacket,Burgundy,Polyester,0,Outerwear,Jackets,hot,
Denim jacket,Chocolate,Leather,0,Outerwear,Jackets,cold,
Ruffle blouse,Brown,Cotton,0,Casual,Tops,cold,
Cocktail dress,Royal Blue,Silk,0,Formal,Dresses,warm,
Utility jacket,Ivory,Nylon,0,Outerwear,Jackets,cold,
Casual dress,Leopard Print,Polyester,0,Casual,Dresses,cold,
Shorts,Burnt Orange,Linen,0,Casual,Bottoms,warm,
Trousers,Olive,Leather,0,Casual,Bottoms,hot,
V-neck tee,Turquoise,Leather,0,Casual,Tops,cold,
Wrap skirt,Caramel,Cotton,0,Casual,Bottoms,cold,
romper,Blue,Nylon,0,Athletic,Activewear,warm,
Zip-up hoodie,Terracotta,Wool,0,Outerwear,Jackets,hot,
Denim shorts,Light Blue,Fleece,0,Casual,Bottoms,hot,
Ruffle blouse,Lime,Leather,0,Casual,Tops,cold,
Running shorts,Burgundy,Polyester,0,Athletic,Activewear,hot,
Sweatshirt,Turquoise,Cotton,0,Outerwear,Jackets,cold,
Graphic tee,Color Block Navy/White,Spandex,0,Casual,Tops,hot,
Colorblock sweater,Sky Blue,Denim,0,Casual,Tops,cold,
Denim shorts,Cobalt,Spandex,0,Casual,Bottoms,hot,
Running shirt,Color Block Navy/White,Cotton,0,Athletic,Activewear,cold,
Cargo shorts,Mint,Fleece,0,Casual,Bottoms,cold,
Sports bra,Plum,Cotton,0,Athletic,Activewear,hot,
Sleep shirt,Olive,Linen,0,Loungewear,Tops,cold,
Wool coat,Green,Polyester,0,Outerwear,Jackets,hot,
Henley,Black/White,Wool,0,Casual,Tops,cold,
tank,Black,Nylon,0,Athletic,Activewear,hot,
Swim trunks,Light Blue,Wool,0,Athletic,Activewear,hot,
Sports bra top,Red/White,Polyester,0,Athletic,Activewear,hot,
Anorak,White,Denim,0,Athletic,Jackets,cold,
Peasant blouse,Crimson,Nylon,0,Casual,Tops,warm,
Linen shirt,Blush,Linen,0,Casual,Tops,warm,
Sweater dress,Light Blue,Polyester,0,Casual,Dresses,cold,
Maxi skirt,Pink,Polyester,0,Casual,Bottoms,warm,
High waist pants,Burnt Orange,Nylon,0,Casual,Bottoms,cold,
Striped sweater,Sky Blue,Fleece,0,Casual,Tops,cold,
One-piece swimsuit,Color Block Black/Red,Spandex,0,Athletic,Activewear,hot,
V-neck sweater,Crimson,Nylon,0,Casual,Tops,cold,
Sports bra top,Wine,Leather,0,Athletic,Activewear,hot,
Flannel shirt,Wine,Nylon,0,Casual,Tops,cold,
Suit jacket,Peach,Cotton,0,Formal,Jackets,cold,
shorts,Burgundy,Spandex,0,Athletic,Activewear,warm,
Shirt dress,Cream,Leather,0,Casual,Dresses,cold,
Sweatpants,Rust,Leather,0,Loungewear,Bottoms,cold,
Capri pants,Aqua,Silk,0,Casual,Bottoms,cold,
Track pants,Charcoal,Wool,0,Athletic,Bottoms,warm,
Floral dress,Lilac,Wool,0,Casual,Dresses,warm,
Ruffle blouse,Sage,Cotton,0,Casual,Tops,cold,
Oversized sweater,Tie-Dye Multicolor,Nylon,0,Casual,Tops,cold,
Pajama shorts,Houndstooth Black/White,Fleece,0,Loungewear,Bottoms,hot,
Oxford shirt,Cobalt,Wool,0,Formal,Tops,warm,
Straight leg jeans,Olive,Cotton,0,Casual,Bottoms,cold,
Off-shoulder top,Navy/White,Silk,0,Casual,Tops,cold,
Yoga shorts,Purple,Wool,0,Athletic,Activewear,warm,
Cropped cardigan,Tie-Dye Multicolor,Denim,0,Outerwear,Jackets,warm,
Bodycon dress,Orange,Wool,0,Casual,Dresses,hot,
tank,Navy/White,Cotton,0,Athletic,Activewear,hot,
Bomber jacket,Houndstooth Black/White,Silk,0,Outerwear,Jackets,cold,
Maxi dress,Navy/White,Cotton,0,Casual,Dresses,warm,
Striped sweater,Lilac,Wool,0,Casual,Tops,cold,
Colorblock sweater,Royal Blue,Nylon,0,Casual,Tops,warm,
Sport coat,Aqua,Denim,0,Outerwear,Jackets,cold,
Denim skirt,Salmon,Fleece,0,Casual,Bottoms,cold,
Oversized hoodie,Light Blue,Spandex,0,Outerwear,Jackets,cold,
Casual dress,Hot Pink,Cotton,0,Casual,Dresses,warm,
Crew neck sweater,Turquoise,Silk,0,Casual,Tops,cold,
Crewneck sweatshirt,Black,Linen,0,Outerwear,Jackets,cold,
Bike shorts,Burnt Orange,Nylon,0,Casual,Activewear,hot,
Suit pants,Lavender,Leather,0,Formal,Bottoms,cold,
Romper,Red/White,Silk,0,Casual,Dresses,hot,
Denim jacket,Striped Navy/White,Leather,0,Outerwear,Jackets,cold,
Pullover sweater,Chocolate,Fleece,0,Casual,Tops,cold,
Leather jacket,Lilac,Spandex,0,Outerwear,Jackets,cold,
Prom dress,Gold,Silk,0,Formal,Dresses,warm,
Track pants,Rust,Linen,0,Athletic,Bottoms,cold,
Flannel shirt,Ivory,Polyester,0,Casual,Tops,cold,
Down jacket,Caramel,Leather,0,Outerwear,Jackets,cold,
Summer dress,Orange,Cotton,0,Casual,Dresses,hot,
Peacoat,Salmon,Polyester,0,Outerwear,Jackets,cold,
Band tee,Black,Spandex,0,Casual,Tops,hot,
One-piece swimsuit,Black/White,Silk,0,Athletic,Activewear,hot,
Straight leg jeans,Leopard Print,Leather,0,Casual,Bottoms,cold,
Crop top,Color Block Black/Red,Fleece,0,Casual,Tops,hot,
Mock neck top,Blue/White,Denim,0,Casual,Tops,cold,
Cocktail dress,Striped Black/White,Cotton,0,Formal,Dresses,warm,
Anorak,Purple,Denim,0,Athletic,Jackets,cold,
Sweater,Camouflage Green,Leather,0,Casual,Tops,cold,
Crewneck sweatshirt,Black/Gray,Linen,0,Outerwear,Jackets,cold,
Running shirt,Striped Navy/White,Leather,0,Athletic,Activewear,hot,
Shorts,Lime,Wool,0,Casual,Bottoms,cold,
Track jacket,Leopard Print,Silk,0,Athletic,Jackets,cold,
Cable knit sweater,Gold,Wool,0,Casual,Tops,cold,
Jumpsuit,Caramel,Fleece,0,Casual,Dresses,cold,
Dress pants,Forest Green,Nylon,0,Formal,Bottoms,cold,
Pencil skirt,Checkered Black/White,Nylon,0,Formal,Bottoms,warm,
Oversized tee,Crimson,Silk,0,Casual,Tops,hot,
Bodycon dress,Crimson,Silk,0,Casual,Dresses,warm,
Blouse,Nude,Linen,0,Casual,Tops,warm,
Floral skirt,Checkered Black/White,Leather,0,Casual,Bottoms,cold,
Summer dress,Tan,Fleece,0,Casual,Dresses,hot,
Casual dress,Fuchsia,Cotton,0,Casual,Dresses,hot,
Performance jacket,Hot Pink,Leather,0,Athletic,Activewear,cold,
Tee,Mauve,Cotton,0,Casual,Tops,hot,
Training shorts,Fuchsia,Nylon,0,Athletic,Activewear,hot,
Zip-up hoodie,Checkered Black/White,Silk,0,Outerwear,Jackets,cold,
Trench coat,Yellow,Wool,0,Outerwear,Jackets,cold,
Velvet dress,Plaid Blue/Green,Cotton,0,Casual,Dresses,warm,
A-line dress,Plum,Spandex,0,Casual,Dresses,warm,
Running tights,Maroon,Leather,0,Athletic,Activewear,cold,
Cowl neck top,Houndstooth Black/White,Cotton,0,Casual,Tops,warm,
Slip dress,Charcoal,Nylon,0,Casual,Dresses,hot,
Oversized sweater,Black/White,Denim,0,Casual,Tops,cold,
Floral jumpsuit,Coral,Polyester,0,Casual,Dresses,warm,
Shorts,Hot Pink,Nylon,0,Casual,Bottoms,hot,
Distressed jeans,Blue/White,Spandex,0,Casual,Bottoms,cold,
Leggings,Hot Pink,Wool,0,Athletic,Bottoms,cold,
Training shorts,Nude,Wool,0,Athletic,Activewear,cold,
Bodysuit,Striped Navy/White,Cotton,0,Casual,Dresses,cold,
Moisture-wicking tee,Checkered Black/White,Polyester,0,Athletic,Activewear,hot,
Capri pants,Yellow,Cotton,0,Casual,Bottoms,hot,
One-piece swimsuit,Ivory,Cotton,0,Athletic,Activewear,warm,
Palazzo pants,Rust,Cotton,0,Casual,Bottoms,hot,
Turtleneck sweater,Crimson,Silk,0,Casual,Tops,warm,
Cowl neck top,Striped Navy/White,Denim,0,Casual,Tops,cold,
Parka,Terracotta,Leather,0,Outerwear,Jackets,cold,
Robe,Green,Wool,0,Loungewear,Jackets,cold,
Zip-up top,Cobalt,Linen,0,Casual,Tops,cold,
A-line skirt,Sky Blue,Cotton,0,Casual,Bottoms,warm,
A-line skirt,Hot Pink,Wool,0,Casual,Bottoms,warm,
Sports bra,Rust,Nylon,0,Athletic,Activewear,cold,
Varsity jacket,Lime,Spandex,0,Outerwear,Jackets,hot,
Lounge shorts,Turquoise,Denim,0,Loungewear,Bottoms,cold,
Tuxedo pants,Ivory,Wool,0,Formal,Bottoms,hot,
Fleece vest,Black/White,Nylon,0,Casual,Jackets,cold,
Ruffle blouse,Camouflage Green,Denim,0,Casual,Tops,cold,
Polo shirt,Nude,Nylon,0,Casual,Tops,warm,
Off-shoulder top,Navy/White,Nylon,0,Casual,Tops,hot,
Fair Isle sweater,Blue/White,Cotton,0,Casual,Tops,hot,
Velvet dress,Wine,Nylon,0,Casual,Dresses,cold,
Merino sweater,Forest Green,Polyester,0,Casual,Tops,cold,
Bikini top,Plaid Red/Black,Leather,0,Casual,Activewear,hot,
Velvet dress,Forest Green,Silk,0,Casual,Dresses,cold,
Linen pants,Navy,Wool,0,Casual,Bottoms,cold,
Bib overalls,Lime,Leather,0,Casual,Dresses,cold,
Ski jacket,Hot Pink,Nylon,0,Athletic,Jackets,cold,
Oxford shirt,Floral Multicolor,Polyester,0,Formal,Tops,warm,
Wide leg jeans,Plaid Blue/Green,Silk,0,Casual,Bottoms,cold,
Culotte pants,Olive,Leather,0,Casual,Bottoms,cold,
Board shorts,Sage,Cotton,0,Athletic,Activewear,hot,
Faux leather jacket,Orange,Nylon,0,Outerwear,Jackets,cold,
Trousers,Peach,Linen,0,Casual,Bottoms,warm,
Cropped hoodie,Gold,Leather,0,Outerwear,Jackets,cold,
Fitted sweater,Plaid Blue/Green,Leather,0,Casual,Tops,cold,
Tuxedo jacket,Gray,Spandex,0,Formal,Jackets,cold,
Skirt,Yellow,Fleece,0,Casual,Bottoms,cold,
Lounge pants,Lime,Polyester,0,Loungewear,Bottoms,cold,
Colorblock sweater,Blush,Leather,0,Casual,Tops,cold,
Oversized hoodie,Zebra Print,Denim,0,Outerwear,Jackets,cold,
Linen dress,Color Block Navy/White,Wool,0,Casual,Dresses,cold,
Culotte pants,Blue/White,Wool,0,Casual,Bottoms,cold,
Maxi skirt,Green,Silk,0,Casual,Bottoms,warm,
Turtleneck,Orange,Linen,0,Casual,Tops,cold,
Turtleneck,Houndstooth Black/White,Nylon,0,Casual,Tops,cold,
Low rise jeans,Terracotta,Leather,0,Casual,Bottoms,cold,
Chino shorts,Zebra Print,Fleece,0,Casual,Bottoms,hot,
Compression shirt,Orange,Fleece,0,Athletic,Activewear,cold,
Cargo pants,Pink,Wool,0,Casual,Bottoms,cold,
Midi skirt,White,Polyester,0,Casual,Bottoms,warm,
Cowl neck top,Sage,Polyester,0,Casual,Tops,warm,
Tube top,Color Block Navy/White,Fleece,0,Casual,Tops,hot,
Lounge shorts,Light Blue,Leather,0,Loungewear,Bottoms,hot,
Moisture-wicking shirt,White,Fleece,0,Athletic,Activewear,cold,
Winter puffer,Plaid Red/Black,Denim,0,Outerwear,Jackets,hot,
Thermal leggings,Coral,Polyester,0,Athletic,Activewear,cold,
Wide leg pants,Plaid Red/Black,Denim,0,Casual,Bottoms,cold,
Blouse,Salmon,Cotton,0,Casual,Tops,cold,
Wrap blouse,Beige,Cotton,0,Casual,Tops,warm,
Pocket tee,Turquoise,Nylon,0,Casual,Tops,warm,
Palazzo pants,Royal Blue,Spandex,0,Casual,Bottoms,hot,
Cropped cardigan,Yellow,Nylon,0,Outerwear,Jackets,hot,
Shirt dress,Black/Gray,Cotton,0,Casual,Dresses,cold,
Mini skirt,Black/White,Linen,0,Casual,Bottoms,warm,
Ski jacket,Tan,Spandex,0,Athletic,Jackets,hot,
Performance jacket,Burnt Orange,Silk,0,Athletic,Activewear,cold,
Denim shorts,Chocolate,Linen,0,Casual,Bottoms,cold,
Trousers,Wine,Nylon,0,Casual,Bottoms,hot,
Workout top,Black,Polyester,0,Athletic,Activewear,warm,
Bib overalls,Striped Navy/White,Fleece,0,Casual,Dresses,hot,
Chambray shirt,Mustard,Fleece,0,Casual,Tops,cold,
Fleece robe,Mint,Leather,0,Loungewear,Jackets,cold,
Wrap blouse,Mustard,Wool,0,Casual,Tops,cold,
Suit pants,Rust,Silk,0,Formal,Bottoms,cold,
Sleeveless blouse,Checkered Black/White,Silk,0,Casual,Tops,cold,
Fitted sweater,Crimson,Wool,0,Casual,Tops,warm,
Fitted tee,Caramel,Polyester,0,Casual,Tops,cold,
Zip-up top,Aqua,Fleece,0,Casual,Tops,hot,
Jumpsuit,Royal Blue,Leather,0,Casual,Dresses,cold,
Loungewear set,Turquoise,Silk,0,Loungewear,Tops,cold,
Cargo shorts,Camouflage Green,Nylon,0,Casual,Bottoms,cold,
Peacoat,Red/White,Nylon,0,Outerwear,Jackets,hot,
Open front cardigan,Ivory,Linen,0,Outerwear,Jackets,cold,
dress,Lavender,Wool,0,Athletic,Activewear,warm,
Flannel shirt,Navy,Silk,0,Casual,Tops,cold,
Pajama shirt,Gray,Wool,0,Loungewear,Tops,cold,
Rain jacket,Ivory,Silk,0,Outerwear,Jackets,cold,
Winter puffer,Leopard Print,Silk,0,Outerwear,Jackets,cold,
Board shorts,Coral,Silk,0,Athletic,Activewear,cold,
Fair Isle sweater,Plaid Blue/Green,Spandex,0,Casual,Tops,hot,
Winter puffer,Violet,Linen,0,Outerwear,Jackets,cold,
Yoga pants,Lavender,Spandex,0,Athletic,Activewear,warm,
Sports bra top,Lilac,Leather,0,Athletic,Activewear,cold,
Lounge pants,Floral Multicolor,Fleece,0,Loungewear,Bottoms,hot,
Colorblock sweater,Salmon,Cotton,0,Casual,Tops,cold,
Linen jumpsuit,Navy,Wool,0,Casual,Dresses,cold,
Wide leg pants,Lavender,Denim,0,Casual,Bottoms,cold,
Swim trunks,Salmon,Nylon,0,Athletic,Activewear,cold,
T-shirt,Checkered Black/White,Leather,0,Casual,Tops,hot,
Party dress,Beige,Cotton,0,Casual,Dresses,hot,
Faux leather jacket,Pink,Fleece,0,Outerwear,Jackets,warm,
Cable knit sweater,Red/White,Polyester,0,Casual,Tops,cold,
Flared jeans,Forest Green,Denim,0,Casual,Bottoms,cold,
Bike shorts,Red/White,Linen,0,Casual,Activewear,cold,
Mock neck top,Charcoal,Silk,0,Casual,Tops,hot,
Sleep shorts,Burgundy,Fleece,0,Loungewear,Bottoms,cold,
Oversized hoodie,White,Polyester,0,Outerwear,Jackets,cold,
Henley,Yellow,Denim,0,Casual,Tops,cold,
Floral jumpsuit,Royal Blue,Cotton,0,Casual,Dresses,warm,
Overcoat,Teal,Denim,0,Outerwear,Jackets,warm,
Fleece robe,Forest Green,Polyester,0,Loungewear,Jackets,cold,
Raincoat,Striped Navy/White,Denim,0,Outerwear,Jackets,cold,
Linen jumpsuit,Color Block Navy/White,Linen,0,Casual,Dresses,cold,
Bodycon dress,Orange,Wool,0,Casual,Dresses,warm,
Moisture-wicking tee,Denim Blue,Cotton,0,Athletic,Activewear,cold,
Chino shorts,Nude,Linen,0,Casual,Bottoms,hot,
Suit pants,Camouflage Green,Wool,0,Formal,Bottoms,hot,
T-shirt,Mint,Polyester,0,Casual,Tops,cold,
Military jacket,Plaid Blue/Green,Cotton,0,Outerwear,Jackets,hot,
Overalls,Houndstooth Black/White,Leather,0,Casual,Dresses,cold,
Compression leggings,Lilac,Nylon,0,Athletic,Activewear,cold,
Wrap dress,Blue/White,Polyester,0,Casual,Dresses,cold,
Boyfriend jeans,Gold,Silk,0,Casual,Bottoms,warm,
Chinos,Peach,Polyester,0,Casual,Bottoms,cold,
Pencil skirt,Striped Navy/White,Denim,0,Formal,Bottoms,warm,
Bodycon dress,Crimson,Fleece,0,Casual,Dresses,cold,
Linen shirt,Light Blue,Fleece,0,Casual,Tops,cold,
Varsity jacket,Lilac,Spandex,0,Outerwear,Jackets,cold,
Jumpsuit,Blue,Cotton,0,Casual,Dresses,warm,
Linen jumpsuit,White,Linen,0,Casual,Dresses,warm,
Formal gown,Crimson,Nylon,0,Formal,Dresses,warm,
Winter puffer,Olive,Wool,0,Outerwear,Jackets,cold,
Turtleneck sweater,Rose,Nylon,0,Casual,Tops,cold,
Floral skirt,Houndstooth Black/White,Fleece,0,Casual,Bottoms,cold,
Pencil skirt,Plaid Blue/Green,Nylon,0,Formal,Bottoms,warm,
Linen shirt,Brown,Silk,0,Casual,Tops,warm,
Chunky knit sweater,Mint,Silk,0,Casual,Tops,cold,
Moisture-wicking tee,Navy,Denim,0,Athletic,Activewear,warm,
Compression shirt,Blue,Wool,0,Athletic,Activewear,cold,
Zip-up top,Turquoise,Cotton,0,Casual,Tops,cold,
tank,Lavender,Polyester,0,Athletic,Activewear,hot,
Skirt,Mauve,Leather,0,Casual,Bottoms,warm,
Sweater dress,Red,Denim,0,Casual,Dresses,cold,
Fleece jacket,Peach,Linen,0,Outerwear,Jackets,cold,
Jeans,Wine,Nylon,0,Casual,Bottoms,warm,
Sweater,Hot Pink,Fleece,0,Casual,Tops,cold,
Overcoat,Red,Silk,0,Outerwear,Jackets,cold,
Floral jumpsuit,Green,Leather,0,Casual,Dresses,cold,
Pleated pants,White,Leather,0,Casual,Bottoms,cold,
Bike shorts,Checkered Black/White,Linen,0,Casual,Activewear,hot,
Wrap blouse,Red/White,Leather,0,Casual,Tops,cold,
Military jacket,Turquoise,Nylon,0,Outerwear,Jackets,cold,
Loungewear set,Green,Leather,0,Loungewear,Tops,cold,
Midi skirt,Rust,Denim,0,Casual,Bottoms,warm,
Raincoat,Sky Blue,Silk,0,Outerwear,Jackets,cold,
Shirt dress,Mauve,Fleece,0,Casual,Dresses,cold,
Robe,Teal,Cotton,0,Loungewear,Jackets,cold,
Pullover sweater,Rose,Wool,0,Casual,Tops,cold,
Graphic tee,Beige,Fleece,0,Casual,Tops,cold,
Bike shorts,Mustard,Denim,0,Casual,Activewear,hot,
Sweatpants,Orange,Wool,0,Loungewear,Bottoms,cold,
Pajama shorts,Denim Blue,Spandex,0,Loungewear,Bottoms,hot,
Cable knit sweater,Ivory,Silk,0,Casual,Tops,cold,
Suit pants,Red/White,Cotton,0,Formal,Bottoms,warm,
Utility jacket,Pink,Denim,0,Outerwear,Jackets,cold,
Henley,Teal,Spandex,0,Casual,Tops,warm,
Moisture-wicking tee,Nude,Nylon,0,Athletic,Activewear,warm,
Bootcut jeans,Light Blue,Nylon,0,Casual,Bottoms,warm,
Maxi dress,Zebra Print,Denim,0,Casual,Dresses,warm,
Cargo shorts,Maroon,Wool,0,Casual,Bottoms,hot,
Raincoat,Teal,Silk,0,Outerwear,Jackets,cold,
Cocktail dress,Cobalt,Leather,0,Formal,Dresses,cold,
Peasant blouse,Red,Silk,0,Casual,Tops,warm,
Pajama shorts,Rose,Spandex,0,Loungewear,Bottoms,hot,
Henley,Rose,Cotton,0,Casual,Tops,warm,
Denim shorts,Houndstooth Black/White,Denim,0,Casual,Bottoms,hot,
Linen jumpsuit,Blush,Wool,0,Casual,Dresses,cold,
Field jacket,Hot Pink,Spandex,0,Athletic,Jackets,cold,
Off-shoulder top,Mustard,Leather,0,Casual,Tops,cold,
Flannel shirt,Color Block Black/Red,Fleece,0,Casual,Tops,cold,
Sweater,Yellow,Cotton,0,Casual,Tops,cold,
Fair Isle sweater,Striped Black/White,Polyester,0,Casual,Tops,cold,
Merino sweater,Peach,Denim,0,Casual,Tops,cold,
Oversized tee,Ivory,Cotton,0,Casual,Tops,warm,
Midi skirt,Floral Multicolor,Denim,0,Casual,Bottoms,warm,
Raglan shirt,Gold,Polyester,0,Casual,Tops,warm,
Crew neck tee,Fuchsia,Leather,0,Casual,Tops,cold,
Mini dress,Checkered Black/White,Silk,0,Casual,Dresses,warm,
Military jacket,Crimson,Linen,0,Outerwear,Jackets,cold,
Cashmere sweater,Blue,Polyester,0,Casual,Tops,cold,
Crew neck sweater,Peach,Wool,0,Casual,Tops,cold,
Chambray shirt,Blush,Silk,0,Casual,Tops,warm,
Romper,Red/White,Linen,0,Casual,Dresses,hot,
Sundress,Blue,Cotton,0,Casual,Dresses,hot,
Sweatshirt,Mauve,Polyester,0,Outerwear,Jackets,cold,
Skater dress,Sage,Linen,0,Casual,Dresses,warm,
Mock neck top,Blue/White,Spandex,0,Casual,Tops,cold,
Colorblock sweater,Terracotta,Cotton,0,Casual,Tops,cold,
Crop top,Lilac,Denim,0,Casual,Tops,hot,
Cowl neck top,Burnt Orange,Cotton,0,Casual,Tops,warm,
Performance jacket,Color Block Navy/White,Polyester,0,Athletic,Activewear,cold,
Military jacket,Terracotta,Silk,0,Outerwear,Jackets,cold,
Floral skirt,Red,Cotton,0,Casual,Bottoms,warm,
Chino shorts,Red,Denim,0,Casual,Bottoms,hot,
Pullover hoodie,Green,Nylon,0,Outerwear,Jackets,cold,
Peplum top,Charcoal,Denim,0,Casual,Tops,warm,
Polo shirt,Mauve,Denim,0,Casual,Tops,warm,
Military jacket,Lavender,Cotton,0,Outerwear,Jackets,cold,
Skinny jeans,Olive,Polyester,0,Casual,Bottoms,warm,
Cowl neck top,Nude,Cotton,0,Casual,Tops,warm,
Sleeveless blouse,Brown,Leather,0,Casual,Tops,cold,
Overalls,Pink,Silk,0,Casual,Dresses,warm,
Varsity jacket,Sky Blue,Leather,0,Outerwear,Jackets,cold,
Blazer,Yellow,Polyester,0,Formal,Jackets,cold,
Yoga shorts,Leopard Print,Polyester,0,Athletic,Activewear,hot,
romper,Charcoal,Polyester,0,Athletic,Activewear,hot,
Puffer vest,Salmon,Silk,0,Outerwear,Jackets,cold,
Sleep shirt,Sky Blue,Linen,0,Loungewear,Tops,warm,
Thermal pajamas,Red/White,Nylon,0,Loungewear,Tops,cold,
Bodysuit,Lavender,Linen,0,Casual,Dresses,warm,
Blouse,Light Blue,Wool,0,Casual,Tops,cold,
Turtleneck sweater,Color Block Navy/White,Silk,0,Casual,Tops,cold,
Shirt dress,Zebra Print,Fleece,0,Casual,Dresses,cold,
Linen jumpsuit,Camouflage Green,Cotton,0,Casual,Dresses,warm,
Compression shirt,Cobalt,Silk,0,Athletic,Activewear,warm,
Sweater dress,Black/Gray,Silk,0,Casual,Dresses,cold,
Party dress,Plum,Leather,0,Casual,Dresses,cold,
Floral dress,Nude,Spandex,0,Casual,Dresses,warm,
Wrap skirt,Black/White,Wool,0,Casual,Bottoms,cold,
Striped sweater,Green,Leather,0,Casual,Tops,cold,
Striped tee,Striped Navy/White,Cotton,0,Casual,Tops,warm,
Henley,Chocolate,Spandex,0,Casual,Tops,warm,
Sweater dress,Blue,Leather,0,Casual,Dresses,cold,
Dress vest,Light Blue,Polyester,0,Formal,Jackets,cold,
Military jacket,Color Block Black/Red,Polyester,0,Outerwear,Jackets,cold,
Pajama pants,Royal Blue,Cotton,0,Loungewear,Bottoms,warm,
Culotte pants,Black/White,Polyester,0,Casual,Bottoms,warm,
Bike shorts,Aqua,Leather,0,Casual,Activewear,hot,
Moisture-wicking shirt,Camouflage Green,Silk,0,Athletic,Activewear,warm,
Striped tee,Plaid Red/Black,Silk,0,Casual,Tops,warm,
Off-shoulder top,Violet,Denim,0,Casual,Tops,warm,
Sleeveless blouse,Sage,Silk,0,Casual,Tops,warm,
Formal blouse,Black/White,Cotton,0,Formal,Tops,warm,
Cropped cardigan,Forest Green,Cotton,0,Outerwear,Jackets,cold,
Wide leg jeans,Forest Green,Nylon,0,Casual,Bottoms,warm,
Leggings,Violet,Cotton,0,Athletic,Bottoms,warm,
Wide leg jeans,Red,Leather,0,Casual,Bottoms,cold,
Ruffle blouse,Red,Cotton,0,Casual,Tops,warm,
Henley,Zebra Print,Silk,0,Casual,Tops,warm,
Wrap dress,Nude,Leather,0,Casual,Dresses,warm,
Thermal leggings,Burgundy,Fleece,0,Athletic,Activewear,cold,
A-line skirt,Lavender,Nylon,0,Casual,Bottoms,warm,
Tube top,Crimson,Linen,0,Casual,Tops,hot,
Gym tank,Beige,Nylon,0,Athletic,Activewear,hot,
Cargo shorts,Red/White,Polyester,0,Casual,Bottoms,hot,
Trench coat,Red/White,Denim,0,Outerwear,Jackets,cold,
Cargo shorts,Terracotta,Silk,0,Casual,Bottoms,hot,
Sleeveless blouse,Violet,Fleece,0,Casual,Tops,warm,
Peplum top,Mint,Leather,0,Casual,Tops,warm,
Windbreaker,Aqua,Polyester,0,Athletic,Jackets,cold,
Sweatpants,Rose,Polyester,0,Loungewear,Bottoms,cold,
Tee,Burnt Orange,Leather,0,Casual,Tops,hot,
Distressed jeans,Denim Blue,Wool,0,Casual,Bottoms,warm,
Bermuda shorts,Lavender,Denim,0,Casual,Bottoms,hot,
Tee,Floral Multicolor,Spandex,0,Casual,Tops,hot,
Skinny jeans,Light Blue,Spandex,0,Casual,Bottoms,warm,
Fleece vest,Mustard,Denim,0,Casual,Jackets,cold,
Anorak,Mauve,Nylon,0,Athletic,Jackets,cold,
Skater dress,Ivory,Polyester,0,Casual,Dresses,warm,
Button-down shirt,Blue/White,Nylon,0,Casual,Tops,warm,
Wrap skirt,Black/White,Cotton,0,Casual,Bottoms,warm,
Sleep shorts,Nude,Fleece,0,Loungewear,Bottoms,hot,
Sleeveless blouse,Salmon,Cotton,0,Casual,Tops,warm,
Denim skirt,Maroon,Leather,0,Casual,Bottoms,warm,
Loungewear set,Pink,Spandex,0,Loungewear,Tops,warm,
Velvet dress,Sky Blue,Wool,0,Casual,Dresses,warm,
Velvet dress,Salmon,Cotton,0,Casual,Dresses,warm,
Bodysuit,Rose,Denim,0,Casual,Dresses,hot,
Running shirt,Plum,Silk,0,Athletic,Activewear,hot,
Yoga pants,Maroon,Nylon,0,Athletic,Activewear,warm,
Denim jacket,Cobalt,Cotton,0,Outerwear,Jackets,cold,
Denim jacket,Orange,Wool,0,Outerwear,Jackets,cold,
Capri pants,Red,Spandex,0,Casual,Bottoms,warm,
Moisture-wicking shirt,Red,Wool,0,Athletic,Activewear,hot,
High waist jeans,Wine,Cotton,0,Casual,Bottoms,warm,
Racerback tank,Caramel,Cotton,0,Athletic,Activewear,hot,
Swim trunks,Floral Multicolor,Leather,0,Athletic,Activewear,hot,
Gym tank,Black/Gray,Cotton,0,Athletic,Activewear,hot,
Cable knit sweater,Purple,Cotton,0,Casual,Tops,cold,
Jumpsuit,Brown,Leather,0,Casual,Dresses,warm,
Romper,Turquoise,Wool,0,Casual,Dresses,hot,
Varsity jacket,Tan,Silk,0,Outerwear,Jackets,cold,
Sport coat,Caramel,Denim,0,Outerwear,Jackets,cold,
Floral jumpsuit,Black/Gray,Cotton,0,Casual,Dresses,warm,
Halter top,Blush,Fleece,0,Casual,Tops,hot,
Peasant blouse,Navy,Linen,0,Casual,Tops,warm,
Bodycon dress,Striped Black/White,Polyester,0,Casual,Dresses,warm,
Bib overalls,Orange,Leather,0,Casual,Dresses,cold,
Longline cardigan,Striped Navy/White,Spandex,0,Outerwear,Jackets,cold,
Pocket tee,Tan,Leather,0,Casual,Tops,hot,
Moisture-wicking shirt,Plum,Nylon,0,Athletic,Activewear,hot,
Sport coat,Wine,Polyester,0,Outerwear,Jackets,cold,
Palazzo pants,Red/White,Spandex,0,Casual,Bottoms,warm,
Windbreaker,Leopard Print,Linen,0,Athletic,Jackets,cold,
Maxi dress,Blush,Fleece,0,Casual,Dresses,warm,
A-line dress,Peach,Denim,0,Casual,Dresses,warm,
Pajama shorts,Beige,Polyester,0,Loungewear,Bottoms,hot,
Blouse,Lilac,Spandex,0,Casual,Tops,warm,
Cropped hoodie,Fuchsia,Fleece,0,Outerwear,Jackets,hot,
Wide leg pants,Crimson,Wool,0,Casual,Bottoms,warm,
Bodysuit,Red,Silk,0,Casual,Dresses,cold,
A-line skirt,Rose,Denim,0,Casual,Bottoms,warm,
Cardigan,Chocolate,Silk,0,Outerwear,Jackets,hot,
Anorak,Hot Pink,Nylon,0,Athletic,Jackets,warm,
Formal skirt,Light Blue,Cotton,0,Formal,Bottoms,cold,
Henley,Black/White,Denim,0,Casual,Tops,cold,
Sundress,Gray,Fleece,0,Casual,Dresses,warm,
A-line skirt,Coral,Silk,0,Casual,Bottoms,warm,
Thermal leggings,Plaid Blue/Green,Linen,0,Athletic,Activewear,hot,
Track pants,Denim Blue,Cotton,0,Athletic,Bottoms,warm,
Peasant blouse,Teal,Spandex,0,Casual,Tops,cold,
Sport coat,Checkered Black/White,Cotton,0,Outerwear,Jackets,cold,
Linen shirt,Plum,Denim,0,Casual,Tops,warm,
Cardigan,Hot Pink,Cotton,0,Outerwear,Jackets,cold,
Sports bra top,Coral,Nylon,0,Athletic,Activewear,warm,
Compression shorts,Red/White,Polyester,0,Athletic,Activewear,cold,
Party dress,Pink,Nylon,0,Casual,Dresses,hot,
Romper,Mint,Leather,0,Casual,Dresses,hot,
Chinos,Houndstooth Black/White,Fleece,0,Casual,Bottoms,warm,
A-line skirt,Striped Navy/White,Silk,0,Casual,Bottoms,hot,
Mini dress,Red/White,Leather,0,Casual,Dresses,warm,
Track jacket,Mint,Silk,0,Athletic,Jackets,warm,
Blazer,Zebra Print,Leather,0,Formal,Jackets,hot,
Sports bra top,Rust,Denim,0,Athletic,Activewear,cold,
Wide leg pants,Beige,Leather,0,Casual,Bottoms,cold,
Midi dress,Color Block Navy/White,Spandex,0,Casual,Dresses,hot,
Thermal pajamas,Leopard Print,Denim,0,Loungewear,Tops,warm,
Running shorts,Chocolate,Linen,0,Athletic,Activewear,warm,
Cargo shorts,Black/Gray,Nylon,0,Casual,Bottoms,warm,
Band tee,Navy/White,Spandex,0,Casual,Tops,hot,
Sweatpants,Black/Gray,Linen,0,Loungewear,Bottoms,cold,
Flannel shirt,Nude,Polyester,0,Casual,Tops,cold,
Skater dress,Camouflage Green,Denim,0,Casual,Dresses,warm,
Dress pants,Fuchsia,Nylon,0,Formal,Bottoms,warm,
Midi dress,Yellow,Cotton,0,Casual,Dresses,warm,
Pencil skirt,Blue,Polyester,0,Formal,Bottoms,cold,
Tuxedo jacket,Red,Denim,0,Formal,Jackets,warm,
Linen shirt,Mint,Leather,0,Casual,Tops,hot,
Lounge shorts,Denim Blue,Leather,0,Loungewear,Bottoms,cold,
Overalls,Black,Nylon,0,Casual,Dresses,warm,
Button-down shirt,Green,Silk,0,Casual,Tops,hot,
Pocket tee,Color Block Navy/White,Cotton,0,Casual,Tops,warm,
Linen dress,Cobalt,Fleece,0,Casual,Dresses,warm,
Dress pants,Turquoise,Denim,0,Formal,Bottoms,hot,
Crop top,Gold,Denim,0,Casual,Tops,cold,
Ribbed sweater,Blue/White,Cotton,0,Casual,Tops,warm,
Peplum top,Floral Multicolor,Polyester,0,Casual,Tops,warm,
Button-down shirt,Tie-Dye Multicolor,Fleece,0,Casual,Tops,hot,
Sports bra,Red,Fleece,0,Athletic,Activewear,warm,
Knit dress,Black,Spandex,0,Casual,Dresses,warm,
Trousers,Nude,Silk,0,Casual,Bottoms,warm,
Striped sweater,Chocolate,Cotton,0,Casual,Tops,hot,
Sundress,Brown,Cotton,0,Casual,Dresses,cold,
Sweatshirt,Camouflage Green,Nylon,0,Outerwear,Jackets,cold,
Oversized hoodie,Gray,Fleece,0,Outerwear,Jackets,cold,
Winter puffer,Ivory,Spandex,0,Outerwear,Jackets,cold,
Midi dress,Green,Cotton,0,Casual,Dresses,warm,
High waist pants,Brown,Fleece,0,Casual,Bottoms,warm,
Trousers,Sky Blue,Nylon,0,Casual,Bottoms,warm,
Crew neck tee,Ivory,Wool,0,Casual,Tops,hot,
Sweatshirt,Plum,Leather,0,Outerwear,Jackets,cold,
One-piece swimsuit,Striped Black/White,Leather,0,Athletic,Activewear,hot,
Chunky knit sweater,Coral,Denim,0,Casual,Tops,cold,
Blouse,Blue/White,Cotton,0,Casual,Tops,warm,
Skirt,Rust,Polyester,0,Casual,Bottoms,warm,
Tuxedo jacket,Rust,Polyester,0,Formal,Jackets,cold,
Wrap skirt,Aqua,Polyester,0,Casual,Bottoms,warm,
Skater dress,Checkered Black/White,Leather,0,Casual,Dresses,warm,
Wide leg pants,Cream,Fleece,0,Casual,Bottoms,cold,
Bike shorts,Mauve,Polyester,0,Casual,Activewear,warm,
Cashmere sweater,Lilac,Wool,0,Casual,Tops,warm,
Mock neck top,Blush,Leather,0,Casual,Tops,cold,
Floral dress,Red/White,Cotton,0,Casual,Dresses,warm,
Leggings,Coral,Fleece,0,Athletic,Bottoms,cold,
Lounge pants,Floral Multicolor,Wool,0,Loungewear,Bottoms,cold,
Evening gown,Leopard Print,Wool,0,Formal,Dresses,cold,
Cocktail dress,Chocolate,Linen,0,Formal,Dresses,warm,
Bodysuit,Navy/White,Fleece,0,Casual,Dresses,cold,
Sweatshirt,Teal,Wool,0,Outerwear,Jackets,cold,
Moisture-wicking shirt,Chocolate,Linen,0,Athletic,Activewear,hot,
Colorblock sweater,Teal,Cotton,0,Casual,Tops,cold,
Overalls,Black/White,Spandex,0,Casual,Dresses,warm,
Loungewear set,Red/White,Leather,0,Loungewear,Tops,cold,
Overalls,Ivory,Denim,0,Casual,Dresses,cold,
Crew neck sweater,Navy/White,Wool,0,Casual,Tops,cold,
Ribbed sweater,Tan,Nylon,0,Casual,Tops,cold,
Pajama pants,Salmon,Cotton,0,Loungewear,Bottoms,warm,
Leather jacket,Burgundy,Cotton,0,Outerwear,Jackets,cold,
Fitted tee,Red/White,Cotton,0,Casual,Tops,hot,
Cowl neck top,Brown,Spandex,0,Casual,Tops,warm,
One-piece swimsuit,Pink,Linen,0,Athletic,Activewear,hot,
Bodycon dress,Cream,Cotton,0,Casual,Dresses,warm,
Pajama shorts,Black/Gray,Silk,0,Loungewear,Bottoms,hot,
Midi dress,Red/White,Nylon,0,Casual,Dresses,warm,
Softshell jacket,Denim Blue,Cotton,0,Athletic,Jackets,cold,
Maxi dress,Rose,Denim,0,Casual,Dresses,cold,
Merino sweater,Sage,Nylon,0,Casual,Tops,cold,
Sleeveless blouse,Charcoal,Nylon,0,Casual,Tops,hot,
Overcoat,Leopard Print,Spandex,0,Outerwear,Jackets,cold,
Anorak,Royal Blue,Wool,0,Athletic,Jackets,cold,
Bikini top,Olive,Leather,0,Casual,Activewear,hot,
Distressed jeans,Mint,Cotton,0,Casual,Bottoms,cold,
Bootcut jeans,Royal Blue,Denim,0,Casual,Bottoms,cold,
Wrap blouse,Black/Gray,Silk,0,Casual,Tops,warm,
Thermal pajamas,Red/White,Spandex,0,Loungewear,Tops,cold,
Dress vest,Purple,Cotton,0,Formal,Jackets,warm,
Sleep shorts,Brown,Nylon,0,Loungewear,Bottoms,hot,
Bermuda shorts,Turquoise,Linen,0,Casual,Bottoms,hot,
Thermal pajamas,Wine,Cotton,0,Loungewear,Tops,cold,
Denim jacket,Yellow,Denim,0,Outerwear,Jackets,cold,
Bootcut jeans,Denim Blue,Linen,0,Casual,Bottoms,cold,
Tuxedo jacket,Floral Multicolor,Cotton,0,Formal,Jackets,cold,
Sundress,Color Block Navy/White,Leather,0,Casual,Dresses,hot,
Wide leg jumpsuit,Color Block Navy/White,Denim,0,Casual,Dresses,warm,
Sweater,Navy,Cotton,0,Casual,Tops,cold,
A-line skirt,Rose,Leather,0,Casual,Bottoms,cold,
Windbreaker,Peach,Polyester,0,Athletic,Jackets,cold,
Rain jacket,Caramel,Denim,0,Outerwear,Jackets,cold,
Pencil skirt,Caramel,Leather,0,Formal,Bottoms,warm,
Wide leg jumpsuit,Leopard Print,Leather,0,Casual,Dresses,cold,
Cowl neck top,Color Block Navy/White,Denim,0,Casual,Tops,cold,
Track jacket,Light Blue,Nylon,0,Athletic,Jackets,cold,
Blazer,Tan,Denim,0,Formal,Jackets,cold,
Faux leather jacket,Crimson,Fleece,0,Outerwear,Jackets,cold,
Zip-up top,Burgundy,Cotton,0,Casual,Tops,cold,
Sleep shorts,Yellow,Silk,0,Loungewear,Bottoms,hot,
Faux leather jacket,Mint,Nylon,0,Outerwear,Jackets,warm,
Wide leg pants,Rust,Wool,0,Casual,Bottoms,hot,
Cowl neck top,Turquoise,Polyester,0,Casual,Tops,cold,
Henley,Camouflage Green,Polyester,0,Casual,Tops,cold,
Varsity jacket,Crimson,Polyester,0,Outerwear,Jackets,warm,
Pullover sweater,Plum,Polyester,0,Casual,Tops,warm,
Oxford shirt,Chocolate,Polyester,0,Formal,Tops,cold,
Oversized sweater,Olive,Wool,0,Casual,Tops,cold,
Track jacket,Nude,Cotton,0,Athletic,Jackets,warm,
Overcoat,Checkered Black/White,Fleece,0,Outerwear,Jackets,cold,
Oversized sweater,Turquoise,Leather,0,Casual,Tops,cold,
Linen pants,Salmon,Fleece,0,Casual,Bottoms,cold,
Linen jumpsuit,Caramel,Polyester,0,Casual,Dresses,warm,
Workout top,Red/White,Nylon,0,Athletic,Activewear,hot,
Raincoat,Striped Black/White,Denim,0,Outerwear,Jackets,cold,
Thermal leggings,Red,Denim,0,Athletic,Activewear,cold,
Sports bra,Purple,Linen,0,Athletic,Activewear,hot,
Floral dress,Light Blue,Wool,0,Casual,Dresses,cold,
Leather jacket,Color Block Black/Red,Spandex,0,Outerwear,Jackets,cold,
Pencil skirt,Gold,Leather,0,Formal,Bottoms,cold,
Mock neck top,Forest Green,Leather,0,Casual,Tops,cold,
Palazzo pants,Red,Spandex,0,Casual,Bottoms,warm,
Crop top,Teal,Leather,0,Casual,Tops,hot,
Crew neck sweater,Nude,Polyester,0,Casual,Tops,warm,
Workout top,Lavender,Leather,0,Athletic,Activewear,hot,
Boyfriend jeans,Burgundy,Fleece,0,Casual,Bottoms,cold,
Leather jacket,Striped Black/White,Fleece,0,Outerwear,Jackets,cold,
Maxi skirt,Floral Multicolor,Cotton,0,Casual,Bottoms,warm,
Henley,Rose,Nylon,0,Casual,Tops,warm,
romper,Gold,Silk,0,Athletic,Activewear,hot,
Field jacket,Mauve,Polyester,0,Athletic,Jackets,cold,
Crop top,Mint,Fleece,0,Casual,Tops,hot,
Cardigan,Striped Navy/White,Fleece,0,Outerwear,Jackets,cold,
Zip-up hoodie,White,Spandex,0,Outerwear,Jackets,cold,
Sweater dress,Denim Blue,Wool,0,Casual,Dresses,cold,
Yoga shorts,Pink,Linen,0,Athletic,Activewear,hot,
Maxi dress,Ivory,Leather,0,Casual,Dresses,cold,
Tube top,Color Block Black/Red,Wool,0,Casual,Tops,hot,
Sundress,Color Block Navy/White,Fleece,0,Casual,Dresses,hot,
Wrap blouse,Fuchsia,Wool,0,Casual,Tops,cold,
Bib overalls,Color Block Navy/White,Wool,0,Casual,Dresses,cold,
Turtleneck sweater,Royal Blue,Denim,0,Casual,Tops,cold,
Raglan shirt,Rose,Nylon,0,Casual,Tops,warm,
Tuxedo pants,Plum,Nylon,0,Formal,Bottoms,cold,
Gym tank,Red,Nylon,0,Athletic,Activewear,hot,
Longline cardigan,Tie-Dye Multicolor,Leather,0,Outerwear,Jackets,cold,
Blazer,Ivory,Polyester,0,Formal,Jackets,hot,
Linen shirt,Denim Blue,Wool,0,Casual,Tops,cold,
Cocktail dress,Striped Navy/White,Nylon,0,Formal,Dresses,cold,
Linen jumpsuit,Crimson,Cotton,0,Casual,Dresses,cold,
Oversized tee,Lavender,Leather,0,Casual,Tops,warm,
Sports bra top,Rose,Silk,0,Athletic,Activewear,warm,
Varsity jacket,Plum,Nylon,0,Outerwear,Jackets,hot,
Denim jacket,Houndstooth Black/White,Linen,0,Outerwear,Jackets,hot,
Sleep shorts,Turquoise,Leather,0,Loungewear,Bottoms,cold,
Formal skirt,Gray,Polyester,0,Formal,Bottoms,cold,
Floral skirt,Cobalt,Spandex,0,Casual,Bottoms,hot,
Field jacket,Aqua,Cotton,0,Athletic,Jackets,warm,
Cardigan,Striped Navy/White,Wool,0,Outerwear,Jackets,warm,
Cashmere sweater,Mustard,Polyester,0,Casual,Tops,cold,
Field jacket,Plaid Red/Black,Spandex,0,Athletic,Jackets,cold,
Windbreaker,Hot Pink,Linen,0,Athletic,Jackets,cold,
Pajama set,Lime,Cotton,0,Loungewear,Tops,cold,
Softshell jacket,Cobalt,Spandex,0,Athletic,Jackets,cold,
Button-down shirt,Red/White,Nylon,0,Casual,Tops,warm,
Casual dress,Crimson,Linen,0,Casual,Dresses,cold,
Loungewear set,Burnt Orange,Cotton,0,Loungewear,Tops,warm,
Blazer,Striped Navy/White,Polyester,0,Formal,Jackets,warm,
Fleece robe,Denim Blue,Nylon,0,Loungewear,Jackets,warm,
Cropped jeans,Color Block Black/Red,Linen,0,Casual,Bottoms,cold,
Colorblock sweater,Plaid Red/Black,Cotton,0,Casual,Tops,cold,
Wrap dress,Purple,Silk,0,Casual,Dresses,cold,
romper,Houndstooth Black/White,Polyester,0,Athletic,Activewear,cold,
Sweatshirt,Mauve,Wool,0,Outerwear,Jackets,warm,
Sweater,Plaid Red/Black,Denim,0,Casual,Tops,warm,
Palazzo pants,Sage,Nylon,0,Casual,Bottoms,warm,
Track pants,Turquoise,Fleece,0,Athletic,Bottoms,hot,
Fleece robe,Burnt Orange,Wool,0,Loungewear,Jackets,cold,
Pencil skirt,Plaid Red/Black,Nylon,0,Formal,Bottoms,warm,
Anorak,Sage,Fleece,0,Athletic,Jackets,cold,
Mock neck top,Checkered Black/White,Fleece,0,Casual,Tops,warm,
Skater dress,Violet,Linen,0,Casual,Dresses,warm,
Bermuda shorts,Ivory,Fleece,0,Casual,Bottoms,hot,
Thermal pajamas,Chocolate,Leather,0,Loungewear,Tops,cold,
Romper,Green,Leather,0,Casual,Dresses,warm,
Distressed jeans,Rust,Polyester,0,Casual,Bottoms,warm,
Cargo shorts,Color Block Black/Red,Wool,0,Casual,Bottoms,hot,
Oversized tee,Sky Blue,Cotton,0,Casual,Tops,warm,
Linen pants,Beige,Cotton,0,Casual,Bottoms,warm,
Track pants,Mustard,Polyester,0,Athletic,Bottoms,hot,
Compression shirt,Peach,Polyester,0,Athletic,Activewear,hot,
Sports bra,Striped Navy/White,Spandex,0,Athletic,Activewear,hot,
Pajama set,Denim Blue,Cotton,0,Loungewear,Tops,cold,
Crewneck sweatshirt,Burgundy,Silk,0,Outerwear,Jackets,cold,
Cashmere sweater,Striped Navy/White,Leather,0,Casual,Tops,cold,
Merino sweater,Rust,Fleece,0,Casual,Tops,cold,
Pleated skirt,Mint,Polyester,0,Casual,Bottoms,warm,
Track jacket,Navy,Silk,0,Athletic,Jackets,cold,
Fleece vest,Cream,Wool,0,Casual,Jackets,cold,
Summer dress,Wine,Cotton,0,Casual,Dresses,warm,
Skater dress,Floral Multicolor,Polyester,0,Casual,Dresses,warm,
Moisture-wicking tee,Teal,Cotton,0,Athletic,Activewear,hot,
Graphic tee,Turquoise,Spandex,0,Casual,Tops,warm,
Yoga pants,Mint,Leather,0,Athletic,Activewear,hot,
Oversized sweater,Checkered Black/White,Cotton,0,Casual,Tops,cold,
Peacoat,Denim Blue,Spandex,0,Outerwear,Jackets,cold,
Wide leg jumpsuit,Forest Green,Fleece,0,Casual,Dresses,warm,
Dress vest,Cobalt,Spandex,0,Formal,Jackets,cold,
Sports bra top,Blue/White,Wool,0,Athletic,Activewear,hot,
Sports bra,Coral,Cotton,0,Athletic,Activewear,hot,
dress,Plum,Fleece,0,Athletic,Activewear,warm,
Ski jacket,Orange,Wool,0,Athletic,Jackets,cold,
Sweater,Salmon,Nylon,0,Casual,Tops,cold,
Leather jacket,Lavender,Spandex,0,Outerwear,Jackets,cold,
Floral dress,Blue,Nylon,0,Casual,Dresses,warm,
Oversized tee,Plaid Red/Black,Fleece,0,Casual,Tops,warm,
Palazzo pants,Black,Wool,0,Casual,Bottoms,warm,
Bodycon dress,Gold,Leather,0,Casual,Dresses,warm,
Training shorts,Forest Green,Linen,0,Athletic,Activewear,hot,
Midi skirt,White,Wool,0,Casual,Bottoms,warm,
Cashmere sweater,Pink,Denim,0,Casual,Tops,cold,
Camisole,Royal Blue,Leather,0,Casual,Tops,warm,
Maxi skirt,Burgundy,Linen,0,Casual,Bottoms,warm,
Sleep shirt,Camouflage Green,Spandex,0,Loungewear,Tops,cold,
Loungewear set,Royal Blue,Fleece,0,Loungewear,Tops,cold,
Mini dress,Yellow,Silk,0,Casual,Dresses,warm,
Crew neck tee,Plaid Red/Black,Cotton,0,Casual,Tops,warm,
Linen jumpsuit,Blush,Cotton,0,Casual,Dresses,warm,
Robe,Color Block Navy/White,Leather,0,Loungewear,Jackets,cold,
Gym tank,Houndstooth Black/White,Silk,0,Athletic,Activewear,hot,
Performance jacket,Lime,Nylon,0,Athletic,Activewear,cold,
Windbreaker,Black/Gray,Cotton,0,Athletic,Jackets,cold,
Fleece robe,Pink,Nylon,0,Loungewear,Jackets,cold,
Parka,Cobalt,Polyester,0,Outerwear,Jackets,cold,
Crewneck sweatshirt,Camouflage Green,Spandex,0,Outerwear,Jackets,cold,
Softshell jacket,Houndstooth Black/White,Cotton,0,Athletic,Jackets,cold,
Zip-up top,Lavender,Nylon,0,Casual,Tops,cold,
Romper,Cobalt,Silk,0,Casual,Dresses,warm,
Sports bra,Plaid Blue/Green,Spandex,0,Athletic,Activewear,hot,
Denim jacket,Black/Gray,Polyester,0,Outerwear,Jackets,cold,
Linen jumpsuit,Light Blue,Cotton,0,Casual,Dresses,warm,
Summer dress,Blue/White,Polyester,0,Casual,Dresses,warm,
Anorak,Striped Black/White,Denim,0,Athletic,Jackets,cold,
Running tights,Gray,Nylon,0,Athletic,Activewear,hot,
Pleated pants,Black,Silk,0,Casual,Bottoms,warm,
Utility jacket,Caramel,Polyester,0,Outerwear,Jackets,cold,
Linen dress,Violet,Cotton,0,Casual,Dresses,warm,
Pullover hoodie,Tan,Cotton,0,Outerwear,Jackets,cold,
Winter puffer,Cream,Fleece,0,Outerwear,Jackets,cold,
Formal gown,Coral,Denim,0,Formal,Dresses,warm,
Track jacket,Nude,Nylon,0,Athletic,Jackets,cold,
Shirt dress,Black/Gray,Cotton,0,Casual,Dresses,cold,
Wrap dress,Chocolate,Nylon,0,Casual,Dresses,warm,
Crew neck tee,Violet,Denim,0,Casual,Tops,cold,
Straight leg jeans,Houndstooth Black/White,Denim,0,Casual,Bottoms,warm,
Fleece jacket,Light Blue,Silk,0,Outerwear,Jackets,warm,
T-shirt,Gray,Leather,0,Casual,Tops,warm,
Floral jumpsuit,Checkered Black/White,Denim,0,Casual,Dresses,cold,
Fleece vest,Hot Pink,Silk,0,Casual,Jackets,warm,
Palazzo pants,Blue/White,Denim,0,Casual,Bottoms,hot,
Striped tee,Sage,Wool,0,Casual,Tops,warm,
Running tights,Cobalt,Cotton,0,Athletic,Activewear,cold,
Dress vest,Nude,Cotton,0,Formal,Jackets,warm,
Trousers,Burnt Orange,Cotton,0,Casual,Bottoms,hot,
Compression shirt,Cream,Leather,0,Athletic,Activewear,cold,
Open front cardigan,Beige,Fleece,0,Outerwear,Jackets,warm,
Tennis skirt,Ivory,Silk,0,Athletic,Bottoms,hot,
Jumpsuit,Mustard,Nylon,0,Casual,Dresses,cold,
Joggers,Tan,Denim,0,Athletic,Bottoms,cold,
Blazer,Teal,Silk,0,Formal,Jackets,warm,
Formal skirt,Purple,Wool,0,Formal,Bottoms,cold,
Dress pants,Turquoise,Linen,0,Formal,Bottoms,warm,
Colorblock sweater,Leopard Print,Silk,0,Casual,Tops,warm,
Party dress,Turquoise,Wool,0,Casual,Dresses,hot,
Camisole,Color Block Black/Red,Cotton,0,Casual,Tops,warm,
Cable knit sweater,Black/White,Fleece,0,Casual,Tops,warm,
Crop top,Violet,Linen,0,Casual,Tops,cold,
Suit pants,Zebra Print,Nylon,0,Formal,Bottoms,warm,
Lounge shorts,Nude,Spandex,0,Loungewear,Bottoms,hot,
Pocket tee,Turquoise,Linen,0,Casual,Tops,warm,
Mom jeans,Houndstooth Black/White,Leather,0,Casual,Bottoms,warm,
Trousers,Yellow,Linen,0,Casual,Bottoms,warm,
Sleep shorts,Red,Leather,0,Loungewear,Bottoms,cold,
Halter top,Color Block Black/Red,Linen,0,Casual,Tops,warm,
Summer dress,Color Block Black/Red,Cotton,0,Casual,Dresses,warm,
Crew neck tee,Fuchsia,Cotton,0,Casual,Tops,warm,
Pleated pants,Burnt Orange,Silk,0,Casual,Bottoms,cold,
Fitted sweater,Chocolate,Leather,0,Casual,Tops,hot,
Mini dress,Navy,Polyester,0,Casual,Dresses,warm,
Running tights,Orange,Polyester,0,Athletic,Activewear,warm,
shorts,Hot Pink,Polyester,0,Athletic,Activewear,warm,
Wrap blouse,Orange,Silk,0,Casual,Tops,cold,
Puffer vest,Burnt Orange,Denim,0,Outerwear,Jackets,warm,
Midi skirt,White,Silk,0,Casual,Bottoms,warm,
Boyfriend jeans,Royal Blue,Leather,0,Casual,Bottoms,warm,
Linen pants,Burnt Orange,Spandex,0,Casual,Bottoms,hot,
Trousers,Color Block Navy/White,Polyester,0,Casual,Bottoms,warm,
Bikini top,Mint,Leather,0,Casual,Activewear,warm,
Wide leg jumpsuit,Houndstooth Black/White,Nylon,0,Casual,Dresses,warm,
Maxi skirt,Olive,Cotton,0,Casual,Bottoms,hot,
Leather jacket,Floral Multicolor,Leather,0,Outerwear,Jackets,warm,
Compression shirt,Striped Navy/White,Denim,0,Athletic,Activewear,warm,
Flared jeans,Blush,Silk,0,Casual,Bottoms,cold,
Party dress,Ivory,Silk,0,Casual,Dresses,hot,
Tennis skirt,Red,Cotton,0,Athletic,Bottoms,hot,
Shorts,Color Block Navy/White,Silk,0,Casual,Bottoms,hot,
Skirt,Crimson,Leather,0,Casual,Bottoms,cold,
Floral skirt,Mustard,Polyester,0,Casual,Bottoms,warm,
Ski jacket,Lime,Fleece,0,Athletic,Jackets,cold,
Crewneck sweatshirt,Plum,Wool,0,Outerwear,Jackets,cold,
Performance jacket,Plaid Blue/Green,Nylon,0,Athletic,Activewear,cold,
romper,Maroon,Leather,0,Athletic,Activewear,warm,
Jeans,Denim Blue,Nylon,0,Casual,Bottoms,cold,
Wool coat,Coral,Nylon,0,Outerwear,Jackets,cold,
Oversized sweater,Tan,Cotton,0,Casual,Tops,warm,
Chambray shirt,Caramel,Polyester,0,Casual,Tops,warm,
Performance jacket,Black,Silk,0,Athletic,Activewear,cold,
Oversized tee,Mustard,Cotton,0,Casual,Tops,hot,
Sleep shorts,Crimson,Cotton,0,Loungewear,Bottoms,hot,
Joggers,Camouflage Green,Leather,0,Athletic,Bottoms,cold,
Midi dress,Tan,Leather,0,Casual,Dresses,cold,
Pullover sweater,Plaid Blue/Green,Cotton,0,Casual,Tops,warm,
Tee,Houndstooth Black/White,Cotton,0,Casual,Tops,hot,
Polo shirt,Gray,Cotton,0,Casual,Tops,hot,
Compression shorts,Sage,Polyester,0,Athletic,Activewear,hot,
Bike shorts,Gray,Polyester,0,Casual,Activewear,hot,
Formal skirt,Navy/White,Polyester,0,Formal,Bottoms,cold,
Off-shoulder top,Blue,Cotton,0,Casual,Tops,hot,
Pocket tee,Gold,Denim,0,Casual,Tops,hot,
V-neck sweater,Zebra Print,Wool,0,Casual,Tops,cold,
Formal skirt,Mauve,Wool,0,Formal,Bottoms,cold,
Tuxedo pants,Rose,Nylon,0,Formal,Bottoms,cold,
Midi dress,Salmon,Leather,0,Casual,Dresses,cold,
Parka,Lime,Silk,0,Outerwear,Jackets,cold,
Mini skirt,Chocolate,Cotton,0,Casual,Bottoms,hot,
Henley,Salmon,Nylon,0,Casual,Tops,hot,
Wrap dress,Color Block Navy/White,Leather,0,Casual,Dresses,cold,
Halter top,White,Spandex,0,Casual,Tops,hot,
Long sleeve,Floral Multicolor,Wool,0,Casual,Tops,cold,
Fitted sweater,Lilac,Spandex,0,Casual,Tops,warm,
Fleece jacket,Ivory,Silk,0,Outerwear,Jackets,cold,
Distressed jeans,Striped Navy/White,Wool,0,Casual,Bottoms,cold,
tank,Caramel,Wool,0,Athletic,Activewear,warm,
Sweatshirt,Cream,Silk,0,Outerwear,Jackets,cold,
Wrap skirt,Gray,Cotton,0,Casual,Bottoms,hot,
Military jacket,Red,Spandex,0,Outerwear,Jackets,cold,
Peasant blouse,Turquoise,Linen,0,Casual,Tops,warm,
Parka,Gold,Cotton,0,Outerwear,Jackets,cold,
Pajama shorts,Checkered Black/White,Polyester,0,Loungewear,Bottoms,hot,
Bodycon dress,Denim Blue,Nylon,0,Casual,Dresses,warm,
Blazer,Violet,Polyester,0,Formal,Jackets,cold,
Compression shirt,Navy/White,Silk,0,Athletic,Activewear,warm,
Peasant blouse,Plum,Nylon,0,Casual,Tops,cold,
Bikini top,Lavender,Cotton,0,Casual,Activewear,hot,
Fair Isle sweater,Forest Green,Leather,0,Casual,Tops,hot,
Wool coat,Mustard,Nylon,0,Outerwear,Jackets,cold,
Oversized hoodie,Hot Pink,Denim,0,Outerwear,Jackets,cold,
Mom jeans,Hot Pink,Nylon,0,Casual,Bottoms,cold,
Swim trunks,Teal,Cotton,0,Athletic,Activewear,hot,
Thermal pajamas,Caramel,Nylon,0,Loungewear,Tops,cold,
shorts,Crimson,Denim,0,Athletic,Activewear,cold,
Thermal pajamas,Crimson,Nylon,0,Loungewear,Tops,cold,
Pencil skirt,Pink,Spandex,0,Formal,Bottoms,hot,
Henley,Black,Spandex,0,Casual,Tops,cold,
Romper,Pink,Wool,0,Casual,Dresses,warm,
Moisture-wicking shirt,Light Blue,Spandex,0,Athletic,Activewear,hot,
Mom jeans,Navy/White,Leather,0,Casual,Bottoms,cold,
Cropped hoodie,Color Block Black/Red,Silk,0,Outerwear,Jackets,cold,
Formal gown,Sky Blue,Cotton,0,Formal,Dresses,warm,
Thermal long sleeve,Mauve,Spandex,0,Casual,Tops,cold,
Cardigan,Lavender,Nylon,0,Outerwear,Jackets,cold,
Polo shirt,Teal,Cotton,0,Casual,Tops,hot,
A-line dress,Chocolate,Cotton,0,Casual,Dresses,hot,
Softshell jacket,Leopard Print,Leather,0,Athletic,Jackets,cold,
Sleep shirt,Hot Pink,Silk,0,Loungewear,Tops,warm,
Oversized tee,Forest Green,Fleece,0,Casual,Tops,cold,
shorts,Floral Multicolor,Linen,0,Athletic,Activewear,hot,
Blouse,Maroon,Wool,0,Casual,Tops,cold,
Chino shorts,Nude,Nylon,0,Casual,Bottoms,hot,
Raincoat,Caramel,Spandex,0,Outerwear,Jackets,cold,
Wide leg pants,Lime,Fleece,0,Casual,Bottoms,cold,
Cardigan,Rust,Leather,0,Outerwear,Jackets,cold,
Off-shoulder top,Denim Blue,Polyester,0,Casual,Tops,hot,
Tee,Rose,Linen,0,Casual,Tops,cold,
V-neck sweater,Hot Pink,Silk,0,Casual,Tops,cold,
Jumpsuit,Lilac,Nylon,0,Casual,Dresses,hot,
Formal skirt,Denim Blue,Fleece,0,Formal,Bottoms,warm,
Pleated skirt,Rust,Leather,0,Casual,Bottoms,cold,
Wrap skirt,Wine,Spandex,0,Casual,Bottoms,cold,
Pencil skirt,Teal,Wool,0,Formal,Bottoms,cold,
Rain jacket,Lime,Linen,0,Outerwear,Jackets,cold,
Wrap dress,Sage,Leather,0,Casual,Dresses,cold,
Maxi dress,Cobalt,Nylon,0,Casual,Dresses,hot,
Varsity jacket,Checkered Black/White,Polyester,0,Outerwear,Jackets,cold,
Pajama set,Color Block Navy/White,Cotton,0,Loungewear,Tops,warm,
Yoga shorts,Striped Black/White,Spandex,0,Athletic,Activewear,cold,
Jumpsuit,Teal,Cotton,0,Casual,Dresses,cold,
Prom dress,Peach,Fleece,0,Formal,Dresses,warm,
Oversized tee,Turquoise,Fleece,0,Casual,Tops,warm,
Wide leg pants,Crimson,Polyester,0,Casual,Bottoms,cold,
Tuxedo jacket,Hot Pink,Nylon,0,Formal,Jackets,hot,
Overalls,Plaid Red/Black,Wool,0,Casual,Dresses,cold,
Fleece vest,Camouflage Green,Silk,0,Casual,Jackets,warm,
Sweatshirt,Cream,Spandex,0,Outerwear,Jackets,cold,
Robe,Houndstooth Black/White,Nylon,0,Loungewear,Jackets,hot,
Off-shoulder top,Lime,Polyester,0,Casual,Tops,warm,
Zip-up top,Ivory,Nylon,0,Casual,Tops,cold,
Training shorts,Lilac,Nylon,0,Athletic,Activewear,cold,
Off-shoulder top,White,Spandex,0,Casual,Tops,warm,
Shorts,Yellow,Fleece,0,Casual,Bottoms,cold,
Moisture-wicking tee,Leopard Print,Silk,0,Athletic,Activewear,warm,
Overalls,Blush,Polyester,0,Casual,Dresses,hot,
Floral jumpsuit,Camouflage Green,Cotton,0,Casual,Dresses,cold,
Compression leggings,Charcoal,Leather,0,Athletic,Activewear,cold,
Moisture-wicking shirt,Teal,Nylon,0,Athletic,Activewear,cold,
Long sleeve,Cobalt,Linen,0,Casual,Tops,hot,
Capri pants,Aqua,Denim,0,Casual,Bottoms,hot,
Linen jumpsuit,Burnt Orange,Nylon,0,Casual,Dresses,warm,
Raincoat,Violet,Leather,0,Outerwear,Jackets,cold,
Raglan shirt,Red/White,Leather,0,Casual,Tops,warm,
Pencil skirt,Brown,Nylon,0,Formal,Bottoms,cold,
tank,Cobalt,Cotton,0,Athletic,Activewear,cold,
Thermal leggings,Sky Blue,Leather,0,Athletic,Activewear,cold,
Tennis skirt,Lime,Nylon,0,Athletic,Bottoms,hot,
Skinny jeans,Color Block Navy/White,Linen,0,Casual,Bottoms,cold,
Floral skirt,Color Block Black/Red,Leather,0,Casual,Bottoms,cold,
Floral jumpsuit,Mustard,Leather,0,Casual,Dresses,cold,
Chunky knit sweater,Coral,Wool,0,Casual,Tops,cold,
Ribbed sweater,Navy/White,Polyester,0,Casual,Tops,cold,
Oxford shirt,Rust,Leather,0,Formal,Tops,cold,
Varsity jacket,Black/White,Polyester,0,Outerwear,Jackets,cold,